timestamp,service,level,message
2026-09-18T07:07:08+00:00,payment-api,INFO,heartbeat ok
2026-09-18T07:07:08+00:00,order-service,INFO,heartbeat ok
2026-09-18T07:07:08+00:00,inventory-service,INFO,heartbeat ok
2026-09-18T07:07:08+00:00,auth-service,INFO,heartbeat ok
2026-09-18T07:07:08+00:00,notification-worker,INFO,heartbeat ok
2026-09-18T07:09:08+00:00,payment-api,INFO,heartbeat ok
2026-09-18T07:09:08+00:00,order-service,INFO,heartbeat ok
2026-09-18T07:09:08+00:00,inventory-service,INFO,heartbeat ok
2026-09-18T07:09:08+00:00,auth-service,INFO,heartbeat ok
2026-09-18T07:09:08+00:00,notification-worker,INFO,heartbeat ok
2026-09-18T07:11:08+00:00,payment-api,INFO,heartbeat ok
2026-09-18T07:11:08+00:00,order-service,INFO,heartbeat ok
2026-09-18T07:11:08+00:00,inventory-service,INFO,heartbeat ok
2026-09-18T07:11:08+00:00,auth-service,INFO,heartbeat ok
2026-09-18T07:11:08+00:00,notification-worker,INFO,heartbeat ok
2026-09-18T07:13:08+00:00,payment-api,INFO,heartbeat ok
2026-09-18T07:13:08+00:00,order-service,INFO,heartbeat ok
2026-09-18T07:13:08+00:00,inventory-service,INFO,heartbeat ok
2026-09-18T07:13:08+00:00,auth-service,INFO,heartbeat ok
2026-09-18T07:13:08+00:00,notification-worker,INFO,heartbeat ok
2026-09-18T07:15:08+00:00,payment-api,INFO,heartbeat ok
2026-09-18T07:15:08+00:00,order-service,INFO,heartbeat ok
2026-09-18T07:15:08+00:00,inventory-service,INFO,heartbeat ok
2026-09-18T07:15:08+00:00,auth-service,INFO,heartbeat ok
2026-09-18T07:15:08+00:00,notification-worker,INFO,heartbeat ok
2026-09-18T07:17:08+00:00,payment-api,INFO,heartbeat ok
2026-09-18T07:17:08+00:00,order-service,INFO,heartbeat ok
2026-09-18T07:17:08+00:00,inventory-service,INFO,heartbeat ok
2026-09-18T07:17:08+00:00,auth-service,INFO,heartbeat ok
2026-09-18T07:17:08+00:00,notification-worker,INFO,heartbeat ok
2026-09-18T07:19:08+00:00,payment-api,INFO,heartbeat ok
2026-09-18T07:19:08+00:00,order-service,INFO,heartbeat ok
2026-09-18T07:19:08+00:00,inventory-service,INFO,heartbeat ok
2026-09-18T07:19:08+00:00,auth-service,INFO,heartbeat ok
2026-09-18T07:19:08+00:00,notification-worker,INFO,heartbeat ok
2026-09-18T07:20:38+00:00,payment-api,INFO,request processed
2026-09-18T07:20:38+00:00,order-service,INFO,request processed
2026-09-18T07:20:38+00:00,inventory-service,INFO,request processed
2026-09-18T07:20:38+00:00,auth-service,INFO,request processed
2026-09-18T07:20:38+00:00,notification-worker,INFO,request processed
2026-09-18T07:21:08+00:00,payment-api,INFO,heartbeat ok
2026-09-18T07:21:08+00:00,order-service,INFO,heartbeat ok
2026-09-18T07:21:08+00:00,inventory-service,INFO,heartbeat ok
2026-09-18T07:21:08+00:00,auth-service,INFO,heartbeat ok
2026-09-18T07:21:08+00:00,notification-worker,INFO,heartbeat ok
2026-09-18T07:23:08+00:00,payment-api,INFO,heartbeat ok
2026-09-18T07:23:08+00:00,order-service,INFO,heartbeat ok
2026-09-18T07:23:08+00:00,inventory-service,INFO,heartbeat ok
2026-09-18T07:23:08+00:00,auth-service,INFO,heartbeat ok
2026-09-18T07:23:08+00:00,notification-worker,INFO,heartbeat ok
2026-09-18T07:25:08+00:00,payment-api,INFO,heartbeat ok
2026-09-18T07:25:08+00:00,order-service,INFO,heartbeat ok
2026-09-18T07:25:08+00:00,inventory-service,INFO,heartbeat ok
2026-09-18T07:25:08+00:00,auth-service,INFO,heartbeat ok
2026-09-18T07:25:08+00:00,notification-worker,INFO,heartbeat ok
2026-09-18T07:27:08+00:00,payment-api,INFO,heartbeat ok
2026-09-18T07:27:08+00:00,order-service,INFO,heartbeat ok
2026-09-18T07:27:08+00:00,inventory-service,INFO,heartbeat ok
2026-09-18T07:27:08+00:00,auth-service,INFO,heartbeat ok
2026-09-18T07:27:08+00:00,notification-worker,INFO,heartbeat ok
2026-09-18T07:29:08+00:00,payment-api,INFO,heartbeat ok
2026-09-18T07:29:08+00:00,order-service,INFO,heartbeat ok
2026-09-18T07:29:08+00:00,inventory-service,INFO,heartbeat ok
2026-09-18T07:29:08+00:00,auth-service,INFO,heartbeat ok
2026-09-18T07:29:08+00:00,notification-worker,INFO,heartbeat ok
2026-09-18T07:31:08+00:00,payment-api,INFO,heartbeat ok
2026-09-18T07:31:08+00:00,order-service,INFO,heartbeat ok
2026-09-18T07:31:08+00:00,inventory-service,INFO,heartbeat ok
2026-09-18T07:31:08+00:00,auth-service,INFO,heartbeat ok
2026-09-18T07:31:08+00:00,notification-worker,INFO,heartbeat ok
2026-09-18T07:33:08+00:00,payment-api,INFO,heartbeat ok
2026-09-18T07:33:08+00:00,order-service,INFO,heartbeat ok
2026-09-18T07:33:08+00:00,inventory-service,INFO,heartbeat ok
2026-09-18T07:33:08+00:00,auth-service,INFO,heartbeat ok
2026-09-18T07:33:08+00:00,notification-worker,INFO,heartbeat ok
2026-09-18T07:35:08+00:00,payment-api,INFO,heartbeat ok
2026-09-18T07:35:08+00:00,order-service,INFO,heartbeat ok
2026-09-18T07:35:08+00:00,inventory-service,INFO,heartbeat ok
2026-09-18T07:35:08+00:00,auth-service,INFO,heartbeat ok
2026-09-18T07:35:08+00:00,notification-worker,INFO,heartbeat ok
2026-09-18T07:36:08+00:00,payment-api,INFO,request processed
2026-09-18T07:36:08+00:00,order-service,INFO,request processed
2026-09-18T07:36:08+00:00,inventory-service,INFO,request processed
2026-09-18T07:36:08+00:00,auth-service,INFO,request processed
2026-09-18T07:36:08+00:00,notification-worker,INFO,request processed
2026-09-18T07:37:08+00:00,payment-api,INFO,heartbeat ok
2026-09-18T07:37:08+00:00,order-service,INFO,heartbeat ok
2026-09-18T07:37:08+00:00,inventory-service,INFO,heartbeat ok
2026-09-18T07:37:08+00:00,auth-service,INFO,heartbeat ok
2026-09-18T07:37:08+00:00,notification-worker,INFO,heartbeat ok
2026-09-18T07:39:08+00:00,payment-api,INFO,heartbeat ok
2026-09-18T07:39:08+00:00,order-service,INFO,heartbeat ok
2026-09-18T07:39:08+00:00,inventory-service,INFO,heartbeat ok
2026-09-18T07:39:08+00:00,auth-service,INFO,heartbeat ok
2026-09-18T07:39:08+00:00,notification-worker,INFO,heartbeat ok
2026-09-18T07:41:08+00:00,payment-api,INFO,heartbeat ok
2026-09-18T07:41:08+00:00,order-service,INFO,heartbeat ok
2026-09-18T07:41:08+00:00,inventory-service,INFO,heartbeat ok
2026-09-18T07:41:08+00:00,auth-service,INFO,heartbeat ok
2026-09-18T07:41:08+00:00,notification-worker,INFO,heartbeat ok
2026-09-18T07:43:08+00:00,payment-api,INFO,heartbeat ok
2026-09-18T07:43:08+00:00,order-service,INFO,heartbeat ok
2026-09-18T07:43:08+00:00,inventory-service,INFO,heartbeat ok
2026-09-18T07:43:08+00:00,auth-service,INFO,heartbeat ok
2026-09-18T07:43:08+00:00,notification-worker,INFO,heartbeat ok
2026-09-18T07:45:08+00:00,payment-api,INFO,heartbeat ok
2026-09-18T07:45:08+00:00,order-service,INFO,heartbeat ok
2026-09-18T07:45:08+00:00,inventory-service,INFO,heartbeat ok
2026-09-18T07:45:08+00:00,auth-service,INFO,heartbeat ok
2026-09-18T07:45:08+00:00,notification-worker,INFO,heartbeat ok
2026-09-18T07:47:08+00:00,payment-api,INFO,heartbeat ok
2026-09-18T07:47:08+00:00,order-service,INFO,heartbeat ok
2026-09-18T07:47:08+00:00,inventory-service,INFO,heartbeat ok
2026-09-18T07:47:08+00:00,auth-service,INFO,heartbeat ok
2026-09-18T07:47:08+00:00,notification-worker,INFO,heartbeat ok
2026-09-18T07:49:08+00:00,payment-api,INFO,heartbeat ok
2026-09-18T07:49:08+00:00,order-service,INFO,heartbeat ok
2026-09-18T07:49:08+00:00,inventory-service,INFO,heartbeat ok
2026-09-18T07:49:08+00:00,auth-service,INFO,heartbeat ok
2026-09-18T07:49:08+00:00,notification-worker,INFO,heartbeat ok
2026-09-18T07:51:08+00:00,payment-api,INFO,heartbeat ok
2026-09-18T07:51:08+00:00,order-service,INFO,heartbeat ok
2026-09-18T07:51:08+00:00,inventory-service,INFO,heartbeat ok
2026-09-18T07:51:08+00:00,auth-service,INFO,heartbeat ok
2026-09-18T07:51:08+00:00,notification-worker,INFO,heartbeat ok
2026-09-18T07:51:38+00:00,payment-api,INFO,request processed
2026-09-18T07:51:38+00:00,order-service,INFO,request processed
2026-09-18T07:51:38+00:00,inventory-service,INFO,request processed
2026-09-18T07:51:38+00:00,auth-service,INFO,request processed
2026-09-18T07:51:38+00:00,notification-worker,INFO,request processed
2026-09-18T07:53:08+00:00,payment-api,INFO,heartbeat ok
2026-09-18T07:53:08+00:00,order-service,INFO,heartbeat ok
2026-09-18T07:53:08+00:00,inventory-service,INFO,heartbeat ok
2026-09-18T07:53:08+00:00,auth-service,INFO,heartbeat ok
2026-09-18T07:53:08+00:00,notification-worker,INFO,heartbeat ok
2026-09-18T07:53:38+00:00,payment-api,WARNING,slow query detected
2026-09-18T07:53:38+00:00,order-service,WARNING,slow query detected
2026-09-18T07:53:38+00:00,inventory-service,WARNING,slow query detected
2026-09-18T07:53:38+00:00,auth-service,WARNING,slow query detected
2026-09-18T07:53:38+00:00,notification-worker,WARNING,slow query detected
2026-09-18T07:55:08+00:00,payment-api,INFO,heartbeat ok
2026-09-18T07:55:08+00:00,order-service,INFO,heartbeat ok
2026-09-18T07:55:08+00:00,inventory-service,INFO,heartbeat ok
2026-09-18T07:55:08+00:00,auth-service,INFO,heartbeat ok
2026-09-18T07:55:08+00:00,notification-worker,INFO,heartbeat ok
2026-09-18T07:57:08+00:00,payment-api,INFO,heartbeat ok
2026-09-18T07:57:08+00:00,order-service,INFO,heartbeat ok
2026-09-18T07:57:08+00:00,inventory-service,INFO,heartbeat ok
2026-09-18T07:57:08+00:00,auth-service,INFO,heartbeat ok
2026-09-18T07:57:08+00:00,notification-worker,INFO,heartbeat ok
2026-09-18T07:59:08+00:00,payment-api,INFO,heartbeat ok
2026-09-18T07:59:08+00:00,order-service,INFO,heartbeat ok
2026-09-18T07:59:08+00:00,inventory-service,INFO,heartbeat ok
2026-09-18T07:59:08+00:00,auth-service,INFO,heartbeat ok
2026-09-18T07:59:08+00:00,notification-worker,INFO,heartbeat ok
2026-09-18T08:01:08+00:00,payment-api,INFO,heartbeat ok
2026-09-18T08:01:08+00:00,order-service,INFO,heartbeat ok
2026-09-18T08:01:08+00:00,inventory-service,INFO,heartbeat ok
2026-09-18T08:01:08+00:00,auth-service,INFO,heartbeat ok
2026-09-18T08:01:08+00:00,notification-worker,INFO,heartbeat ok
2026-09-18T08:03:08+00:00,payment-api,INFO,heartbeat ok
2026-09-18T08:03:08+00:00,order-service,INFO,heartbeat ok
2026-09-18T08:03:08+00:00,inventory-service,INFO,heartbeat ok
2026-09-18T08:03:08+00:00,auth-service,INFO,heartbeat ok
2026-09-18T08:03:08+00:00,notification-worker,INFO,heartbeat ok
2026-09-18T08:05:08+00:00,payment-api,INFO,heartbeat ok
2026-09-18T08:05:08+00:00,order-service,INFO,heartbeat ok
2026-09-18T08:05:08+00:00,inventory-service,INFO,heartbeat ok
2026-09-18T08:05:08+00:00,auth-service,INFO,heartbeat ok
2026-09-18T08:05:08+00:00,notification-worker,INFO,heartbeat ok
2026-09-18T08:05:38+00:00,payment-api,WARNING,memory usage increasing
2026-09-18T08:06:08+00:00,payment-api,WARNING,memory usage increasing
2026-09-18T08:06:38+00:00,payment-api,WARNING,memory usage increasing
2026-09-18T08:07:08+00:00,payment-api,WARNING,memory usage increasing
2026-09-18T08:07:08+00:00,order-service,INFO,heartbeat ok
2026-09-18T08:07:08+00:00,inventory-service,INFO,heartbeat ok
2026-09-18T08:07:08+00:00,auth-service,INFO,heartbeat ok
2026-09-18T08:07:08+00:00,notification-worker,INFO,heartbeat ok
2026-09-18T08:07:38+00:00,payment-api,WARNING,memory usage increasing
2026-09-18T08:08:08+00:00,payment-api,WARNING,memory usage increasing
2026-09-18T08:08:38+00:00,payment-api,WARNING,memory usage increasing
2026-09-18T08:09:08+00:00,payment-api,WARNING,memory usage increasing
2026-09-18T08:09:08+00:00,order-service,INFO,heartbeat ok
2026-09-18T08:09:08+00:00,inventory-service,INFO,heartbeat ok
2026-09-18T08:09:08+00:00,auth-service,INFO,heartbeat ok
2026-09-18T08:09:08+00:00,notification-worker,INFO,heartbeat ok
2026-09-18T08:09:38+00:00,payment-api,WARNING,memory usage increasing
2026-09-18T08:10:08+00:00,payment-api,WARNING,memory usage increasing
2026-09-18T08:10:38+00:00,payment-api,WARNING,memory usage increasing
2026-09-18T08:10:38+00:00,order-service,WARNING,connection retry
2026-09-18T08:10:38+00:00,inventory-service,WARNING,connection retry
2026-09-18T08:10:38+00:00,auth-service,WARNING,connection retry
2026-09-18T08:10:38+00:00,notification-worker,WARNING,connection retry
2026-09-18T08:11:08+00:00,payment-api,WARNING,memory usage increasing
2026-09-18T08:11:08+00:00,order-service,INFO,heartbeat ok
2026-09-18T08:11:08+00:00,inventory-service,INFO,heartbeat ok
2026-09-18T08:11:08+00:00,auth-service,INFO,heartbeat ok
2026-09-18T08:11:08+00:00,notification-worker,INFO,heartbeat ok
2026-09-18T08:11:38+00:00,payment-api,WARNING,memory usage increasing
2026-09-18T08:12:08+00:00,payment-api,WARNING,memory usage increasing
2026-09-18T08:12:38+00:00,payment-api,WARNING,memory usage increasing
2026-09-18T08:13:08+00:00,payment-api,WARNING,memory usage increasing
2026-09-18T08:13:08+00:00,order-service,INFO,heartbeat ok
2026-09-18T08:13:08+00:00,inventory-service,INFO,heartbeat ok
2026-09-18T08:13:08+00:00,auth-service,INFO,heartbeat ok
2026-09-18T08:13:08+00:00,notification-worker,INFO,heartbeat ok
2026-09-18T08:13:38+00:00,payment-api,WARNING,memory usage increasing
2026-09-18T08:14:08+00:00,payment-api,WARNING,memory usage increasing
2026-09-18T08:14:38+00:00,payment-api,WARNING,memory usage increasing
2026-09-18T08:15:08+00:00,payment-api,WARNING,memory usage increasing
2026-09-18T08:15:08+00:00,order-service,INFO,heartbeat ok
2026-09-18T08:15:08+00:00,inventory-service,INFO,heartbeat ok
2026-09-18T08:15:08+00:00,auth-service,INFO,heartbeat ok
2026-09-18T08:15:08+00:00,notification-worker,INFO,heartbeat ok
2026-09-18T08:15:38+00:00,payment-api,WARNING,memory usage increasing
2026-09-18T08:16:08+00:00,payment-api,WARNING,memory usage increasing
2026-09-18T08:16:38+00:00,payment-api,WARNING,memory usage increasing
2026-09-18T08:17:08+00:00,payment-api,WARNING,memory usage increasing
2026-09-18T08:17:08+00:00,order-service,INFO,heartbeat ok
2026-09-18T08:17:08+00:00,inventory-service,INFO,heartbeat ok
2026-09-18T08:17:08+00:00,auth-service,INFO,heartbeat ok
2026-09-18T08:17:08+00:00,notification-worker,INFO,heartbeat ok
2026-09-18T08:17:38+00:00,payment-api,WARNING,memory usage increasing
2026-09-18T08:18:08+00:00,payment-api,WARNING,memory usage increasing
2026-09-18T08:18:38+00:00,payment-api,WARNING,memory usage increasing
2026-09-18T08:19:08+00:00,payment-api,WARNING,memory usage increasing
2026-09-18T08:19:08+00:00,order-service,INFO,heartbeat ok
2026-09-18T08:19:08+00:00,inventory-service,INFO,heartbeat ok
2026-09-18T08:19:08+00:00,auth-service,INFO,heartbeat ok
2026-09-18T08:19:08+00:00,notification-worker,INFO,heartbeat ok
2026-09-18T08:19:38+00:00,payment-api,WARNING,memory usage increasing
2026-09-18T08:20:08+00:00,payment-api,WARNING,memory usage increasing
2026-09-18T08:20:38+00:00,payment-api,WARNING,memory usage increasing
2026-09-18T08:21:08+00:00,payment-api,WARNING,memory usage increasing
2026-09-18T08:21:08+00:00,order-service,INFO,heartbeat ok
2026-09-18T08:21:08+00:00,inventory-service,INFO,heartbeat ok
2026-09-18T08:21:08+00:00,auth-service,INFO,heartbeat ok
2026-09-18T08:21:08+00:00,notification-worker,INFO,heartbeat ok
2026-09-18T08:21:38+00:00,payment-api,WARNING,memory usage increasing
2026-09-18T08:22:08+00:00,payment-api,WARNING,memory usage increasing
2026-09-18T08:22:38+00:00,payment-api,WARNING,memory usage increasing
2026-09-18T08:22:38+00:00,order-service,INFO,request processed
2026-09-18T08:22:38+00:00,inventory-service,INFO,request processed
2026-09-18T08:22:38+00:00,auth-service,INFO,request processed
2026-09-18T08:22:38+00:00,notification-worker,INFO,request processed
2026-09-18T08:23:08+00:00,payment-api,WARNING,memory usage increasing
2026-09-18T08:23:08+00:00,order-service,INFO,heartbeat ok
2026-09-18T08:23:08+00:00,inventory-service,INFO,heartbeat ok
2026-09-18T08:23:08+00:00,auth-service,INFO,heartbeat ok
2026-09-18T08:23:08+00:00,notification-worker,INFO,heartbeat ok
2026-09-18T08:23:38+00:00,payment-api,WARNING,memory usage increasing
2026-09-18T08:24:08+00:00,payment-api,WARNING,memory usage increasing
2026-09-18T08:24:38+00:00,payment-api,WARNING,memory usage increasing
2026-09-18T08:25:08+00:00,payment-api,WARNING,memory usage increasing
2026-09-18T08:25:08+00:00,order-service,INFO,heartbeat ok
2026-09-18T08:25:08+00:00,inventory-service,INFO,heartbeat ok
2026-09-18T08:25:08+00:00,auth-service,INFO,heartbeat ok
2026-09-18T08:25:08+00:00,notification-worker,INFO,heartbeat ok
2026-09-18T08:25:38+00:00,payment-api,WARNING,memory usage increasing
2026-09-18T08:26:08+00:00,payment-api,WARNING,memory usage increasing
2026-09-18T08:26:38+00:00,payment-api,WARNING,memory usage increasing
2026-09-18T08:27:08+00:00,payment-api,WARNING,memory usage increasing
2026-09-18T08:27:08+00:00,order-service,INFO,heartbeat ok
2026-09-18T08:27:08+00:00,inventory-service,INFO,heartbeat ok
2026-09-18T08:27:08+00:00,auth-service,INFO,heartbeat ok
2026-09-18T08:27:08+00:00,notification-worker,INFO,heartbeat ok
2026-09-18T08:27:38+00:00,payment-api,WARNING,memory usage increasing
2026-09-18T08:28:08+00:00,payment-api,WARNING,memory usage increasing
2026-09-18T08:28:38+00:00,payment-api,WARNING,memory usage increasing
2026-09-18T08:29:08+00:00,payment-api,WARNING,memory usage increasing
2026-09-18T08:29:08+00:00,order-service,INFO,heartbeat ok
2026-09-18T08:29:08+00:00,inventory-service,INFO,heartbeat ok
2026-09-18T08:29:08+00:00,auth-service,INFO,heartbeat ok
2026-09-18T08:29:08+00:00,notification-worker,INFO,heartbeat ok
2026-09-18T08:29:38+00:00,payment-api,ERROR,memory pressure critical: OOM risk detected
2026-09-18T08:30:08+00:00,payment-api,ERROR,memory pressure critical: OOM risk detected
2026-09-18T08:30:38+00:00,payment-api,ERROR,memory pressure critical: OOM risk detected
2026-09-18T08:31:08+00:00,payment-api,ERROR,memory pressure critical: OOM risk detected
2026-09-18T08:31:08+00:00,order-service,INFO,heartbeat ok
2026-09-18T08:31:08+00:00,inventory-service,INFO,heartbeat ok
2026-09-18T08:31:08+00:00,auth-service,INFO,heartbeat ok
2026-09-18T08:31:08+00:00,notification-worker,INFO,heartbeat ok
2026-09-18T08:31:38+00:00,payment-api,ERROR,memory pressure critical: OOM risk detected
2026-09-18T08:32:08+00:00,payment-api,ERROR,memory pressure critical: OOM risk detected
2026-09-18T08:32:38+00:00,payment-api,ERROR,memory pressure critical: OOM risk detected
2026-09-18T08:33:08+00:00,payment-api,ERROR,memory pressure critical: OOM risk detected
2026-09-18T08:33:08+00:00,order-service,INFO,heartbeat ok
2026-09-18T08:33:08+00:00,inventory-service,INFO,heartbeat ok
2026-09-18T08:33:08+00:00,auth-service,INFO,heartbeat ok
2026-09-18T08:33:08+00:00,notification-worker,INFO,heartbeat ok
2026-09-18T08:33:38+00:00,payment-api,ERROR,memory pressure critical: OOM risk detected
2026-09-18T08:34:08+00:00,payment-api,ERROR,memory pressure critical: OOM risk detected
2026-09-18T08:34:38+00:00,payment-api,ERROR,memory pressure critical: OOM risk detected
2026-09-18T08:35:08+00:00,payment-api,ERROR,memory pressure critical: OOM risk detected
2026-09-18T08:35:08+00:00,order-service,INFO,heartbeat ok
2026-09-18T08:35:08+00:00,inventory-service,INFO,heartbeat ok
2026-09-18T08:35:08+00:00,auth-service,INFO,heartbeat ok
2026-09-18T08:35:08+00:00,notification-worker,INFO,heartbeat ok
2026-09-18T08:35:38+00:00,payment-api,ERROR,memory pressure critical: OOM risk detected
2026-09-18T08:36:08+00:00,payment-api,ERROR,memory pressure critical: OOM risk detected
2026-09-18T08:36:38+00:00,payment-api,ERROR,memory pressure critical: OOM risk detected
2026-09-18T08:37:08+00:00,payment-api,ERROR,memory pressure critical: OOM risk detected
2026-09-18T08:37:08+00:00,order-service,INFO,heartbeat ok
2026-09-18T08:37:08+00:00,inventory-service,INFO,heartbeat ok
2026-09-18T08:37:08+00:00,auth-service,INFO,heartbeat ok
2026-09-18T08:37:08+00:00,notification-worker,INFO,heartbeat ok
2026-09-18T08:37:38+00:00,payment-api,ERROR,memory pressure critical: OOM risk detected
2026-09-18T08:38:08+00:00,payment-api,ERROR,memory pressure critical: OOM risk detected
2026-09-18T08:38:08+00:00,order-service,INFO,request processed
2026-09-18T08:38:08+00:00,inventory-service,INFO,request processed
2026-09-18T08:38:08+00:00,auth-service,INFO,request processed
2026-09-18T08:38:08+00:00,notification-worker,INFO,request processed
2026-09-18T08:38:38+00:00,payment-api,ERROR,memory pressure critical: OOM risk detected
2026-09-18T08:39:08+00:00,payment-api,ERROR,memory pressure critical: OOM risk detected
2026-09-18T08:39:08+00:00,order-service,INFO,heartbeat ok
2026-09-18T08:39:08+00:00,inventory-service,INFO,heartbeat ok
2026-09-18T08:39:08+00:00,auth-service,INFO,heartbeat ok
2026-09-18T08:39:08+00:00,notification-worker,INFO,heartbeat ok
2026-09-18T08:39:38+00:00,payment-api,ERROR,memory pressure critical: OOM risk detected
2026-09-18T08:40:08+00:00,payment-api,ERROR,memory pressure critical: OOM risk detected
2026-09-18T08:40:38+00:00,payment-api,ERROR,memory pressure critical: OOM risk detected
2026-09-18T08:41:08+00:00,payment-api,ERROR,memory pressure critical: OOM risk detected
2026-09-18T08:41:08+00:00,order-service,INFO,heartbeat ok
2026-09-18T08:41:08+00:00,inventory-service,INFO,heartbeat ok
2026-09-18T08:41:08+00:00,auth-service,INFO,heartbeat ok
2026-09-18T08:41:08+00:00,notification-worker,INFO,heartbeat ok
2026-09-18T08:41:38+00:00,payment-api,ERROR,memory pressure critical: OOM risk detected
2026-09-18T08:42:08+00:00,payment-api,ERROR,memory pressure critical: OOM risk detected
2026-09-18T08:42:08+00:00,order-service,WARNING,slow query detected
2026-09-18T08:42:08+00:00,inventory-service,WARNING,slow query detected
2026-09-18T08:42:08+00:00,auth-service,WARNING,slow query detected
2026-09-18T08:42:08+00:00,notification-worker,WARNING,slow query detected
2026-09-18T08:42:38+00:00,payment-api,ERROR,memory pressure critical: OOM risk detected
2026-09-18T08:43:08+00:00,payment-api,ERROR,memory pressure critical: OOM risk detected
2026-09-18T08:43:08+00:00,order-service,INFO,heartbeat ok
2026-09-18T08:43:08+00:00,inventory-service,INFO,heartbeat ok
2026-09-18T08:43:08+00:00,auth-service,INFO,heartbeat ok
2026-09-18T08:43:08+00:00,notification-worker,INFO,heartbeat ok
2026-09-18T08:43:38+00:00,payment-api,ERROR,memory pressure critical: OOM risk detected
2026-09-18T08:44:08+00:00,payment-api,ERROR,memory pressure critical: OOM risk detected
2026-09-18T08:44:38+00:00,payment-api,ERROR,memory pressure critical: OOM risk detected
2026-09-18T08:45:08+00:00,payment-api,ERROR,memory pressure critical: OOM risk detected
2026-09-18T08:45:08+00:00,order-service,INFO,heartbeat ok
2026-09-18T08:45:08+00:00,inventory-service,INFO,heartbeat ok
2026-09-18T08:45:08+00:00,auth-service,INFO,heartbeat ok
2026-09-18T08:45:08+00:00,notification-worker,INFO,heartbeat ok
2026-09-18T08:45:38+00:00,payment-api,ERROR,memory pressure critical: OOM risk detected
2026-09-18T08:46:08+00:00,payment-api,ERROR,memory pressure critical: OOM risk detected
2026-09-18T08:46:38+00:00,payment-api,ERROR,memory pressure critical: OOM risk detected
2026-09-18T08:47:08+00:00,payment-api,ERROR,memory pressure critical: OOM risk detected
2026-09-18T08:47:08+00:00,order-service,INFO,heartbeat ok
2026-09-18T08:47:08+00:00,inventory-service,INFO,heartbeat ok
2026-09-18T08:47:08+00:00,auth-service,INFO,heartbeat ok
2026-09-18T08:47:08+00:00,notification-worker,INFO,heartbeat ok
2026-09-18T08:47:38+00:00,payment-api,ERROR,memory pressure critical: OOM risk detected
2026-09-18T08:48:08+00:00,payment-api,ERROR,memory pressure critical: OOM risk detected
2026-09-18T08:48:38+00:00,payment-api,ERROR,memory pressure critical: OOM risk detected
2026-09-18T08:49:08+00:00,payment-api,ERROR,memory pressure critical: OOM risk detected
2026-09-18T08:49:08+00:00,order-service,INFO,heartbeat ok
2026-09-18T08:49:08+00:00,inventory-service,INFO,heartbeat ok
2026-09-18T08:49:08+00:00,auth-service,INFO,heartbeat ok
2026-09-18T08:49:08+00:00,notification-worker,INFO,heartbeat ok
2026-09-18T08:49:38+00:00,payment-api,ERROR,memory pressure critical: OOM risk detected
2026-09-18T08:50:08+00:00,payment-api,ERROR,memory pressure critical: OOM risk detected
2026-09-18T08:50:38+00:00,payment-api,ERROR,memory pressure critical: OOM risk detected
2026-09-18T08:50:38+00:00,order-service,ERROR,temporary upstream timeout
2026-09-18T08:50:38+00:00,inventory-service,ERROR,temporary upstream timeout
2026-09-18T08:50:38+00:00,auth-service,ERROR,temporary upstream timeout
2026-09-18T08:50:38+00:00,notification-worker,ERROR,temporary upstream timeout
2026-09-18T08:51:08+00:00,payment-api,ERROR,memory pressure critical: OOM risk detected
2026-09-18T08:51:08+00:00,order-service,INFO,heartbeat ok
2026-09-18T08:51:08+00:00,inventory-service,INFO,heartbeat ok
2026-09-18T08:51:08+00:00,auth-service,INFO,heartbeat ok
2026-09-18T08:51:08+00:00,notification-worker,INFO,heartbeat ok
2026-09-18T08:51:38+00:00,payment-api,ERROR,memory pressure critical: OOM risk detected
2026-09-18T08:52:08+00:00,payment-api,ERROR,memory pressure critical: OOM risk detected
2026-09-18T08:52:38+00:00,payment-api,ERROR,memory pressure critical: OOM risk detected
2026-09-18T08:53:08+00:00,payment-api,ERROR,memory pressure critical: OOM risk detected
2026-09-18T08:53:08+00:00,order-service,INFO,heartbeat ok
2026-09-18T08:53:08+00:00,inventory-service,INFO,heartbeat ok
2026-09-18T08:53:08+00:00,auth-service,INFO,heartbeat ok
2026-09-18T08:53:08+00:00,notification-worker,INFO,heartbeat ok
2026-09-18T08:53:38+00:00,payment-api,ERROR,memory pressure critical: OOM risk detected
2026-09-18T08:53:38+00:00,order-service,INFO,request processed
2026-09-18T08:53:38+00:00,inventory-service,INFO,request processed
2026-09-18T08:53:38+00:00,auth-service,INFO,request processed
2026-09-18T08:53:38+00:00,notification-worker,INFO,request processed
2026-09-18T08:54:08+00:00,payment-api,ERROR,memory pressure critical: OOM risk detected
2026-09-18T08:54:38+00:00,payment-api,ERROR,memory pressure critical: OOM risk detected
2026-09-18T08:55:08+00:00,payment-api,ERROR,memory pressure critical: OOM risk detected
2026-09-18T08:55:08+00:00,order-service,INFO,heartbeat ok
2026-09-18T08:55:08+00:00,inventory-service,INFO,heartbeat ok
2026-09-18T08:55:08+00:00,auth-service,INFO,heartbeat ok
2026-09-18T08:55:08+00:00,notification-worker,INFO,heartbeat ok
2026-09-18T08:55:38+00:00,payment-api,ERROR,memory pressure critical: OOM risk detected
2026-09-18T08:56:08+00:00,payment-api,ERROR,memory pressure critical: OOM risk detected
2026-09-18T08:56:38+00:00,payment-api,ERROR,memory pressure critical: OOM risk detected
2026-09-18T08:57:08+00:00,payment-api,ERROR,memory pressure critical: OOM risk detected
2026-09-18T08:57:08+00:00,order-service,INFO,heartbeat ok
2026-09-18T08:57:08+00:00,inventory-service,INFO,heartbeat ok
2026-09-18T08:57:08+00:00,auth-service,INFO,heartbeat ok
2026-09-18T08:57:08+00:00,notification-worker,INFO,heartbeat ok
2026-09-18T08:57:38+00:00,payment-api,ERROR,memory pressure critical: OOM risk detected
2026-09-18T08:58:08+00:00,payment-api,ERROR,memory pressure critical: OOM risk detected
2026-09-18T08:58:38+00:00,payment-api,ERROR,memory pressure critical: OOM risk detected
2026-09-18T08:59:08+00:00,payment-api,ERROR,memory pressure critical: OOM risk detected
2026-09-18T08:59:08+00:00,order-service,INFO,heartbeat ok
2026-09-18T08:59:08+00:00,inventory-service,INFO,heartbeat ok
2026-09-18T08:59:08+00:00,auth-service,INFO,heartbeat ok
2026-09-18T08:59:08+00:00,notification-worker,INFO,heartbeat ok
2026-09-18T08:59:38+00:00,payment-api,ERROR,memory pressure critical: OOM risk detected
2026-09-18T09:00:08+00:00,payment-api,ERROR,memory pressure critical: OOM risk detected
2026-09-18T09:00:38+00:00,payment-api,ERROR,memory pressure critical: OOM risk detected
2026-09-18T09:01:08+00:00,payment-api,ERROR,memory pressure critical: OOM risk detected
2026-09-18T09:01:08+00:00,order-service,INFO,heartbeat ok
2026-09-18T09:01:08+00:00,inventory-service,INFO,heartbeat ok
2026-09-18T09:01:08+00:00,auth-service,INFO,heartbeat ok
2026-09-18T09:01:08+00:00,notification-worker,INFO,heartbeat ok
2026-09-18T09:01:38+00:00,payment-api,ERROR,memory pressure critical: OOM risk detected
2026-09-18T09:02:08+00:00,payment-api,ERROR,memory pressure critical: OOM risk detected
2026-09-18T09:02:38+00:00,payment-api,ERROR,memory pressure critical: OOM risk detected
2026-09-18T09:03:08+00:00,payment-api,ERROR,memory pressure critical: OOM risk detected
2026-09-18T09:03:08+00:00,order-service,INFO,heartbeat ok
2026-09-18T09:03:08+00:00,inventory-service,INFO,heartbeat ok
2026-09-18T09:03:08+00:00,auth-service,INFO,heartbeat ok
2026-09-18T09:03:08+00:00,notification-worker,INFO,heartbeat ok
2026-09-18T09:03:38+00:00,payment-api,ERROR,memory pressure critical: OOM risk detected
2026-09-18T09:04:08+00:00,payment-api,ERROR,memory pressure critical: OOM risk detected
2026-09-18T09:04:38+00:00,payment-api,ERROR,memory pressure critical: OOM risk detected
2026-09-18T09:05:08+00:00,payment-api,ERROR,memory pressure critical: OOM risk detected
2026-09-18T09:05:08+00:00,order-service,INFO,heartbeat ok
2026-09-18T09:05:08+00:00,inventory-service,INFO,heartbeat ok
2026-09-18T09:05:08+00:00,auth-service,INFO,heartbeat ok
2026-09-18T09:05:08+00:00,notification-worker,INFO,heartbeat ok
2026-09-18T09:05:38+00:00,payment-api,ERROR,memory pressure critical: OOM risk detected
2026-09-18T09:06:08+00:00,payment-api,ERROR,memory pressure critical: OOM risk detected
2026-09-18T09:06:38+00:00,payment-api,ERROR,memory pressure critical: OOM risk detected
2026-09-18T09:07:08+00:00,payment-api,ERROR,memory pressure critical: OOM risk detected
2026-09-18T09:07:08+00:00,order-service,INFO,heartbeat ok
2026-09-18T09:07:08+00:00,inventory-service,INFO,heartbeat ok
2026-09-18T09:07:08+00:00,auth-service,INFO,heartbeat ok
2026-09-18T09:07:08+00:00,notification-worker,INFO,heartbeat ok
2026-09-18T09:07:38+00:00,payment-api,ERROR,memory pressure critical: OOM risk detected
2026-09-18T09:08:08+00:00,payment-api,ERROR,memory pressure critical: OOM risk detected
2026-09-18T09:08:38+00:00,payment-api,ERROR,memory pressure critical: OOM risk detected
2026-09-18T09:09:08+00:00,payment-api,ERROR,memory pressure critical: OOM risk detected
2026-09-18T09:09:08+00:00,order-service,INFO,heartbeat ok
2026-09-18T09:09:08+00:00,inventory-service,INFO,heartbeat ok
2026-09-18T09:09:08+00:00,auth-service,INFO,heartbeat ok
2026-09-18T09:09:08+00:00,notification-worker,INFO,heartbeat ok
2026-09-18T09:09:38+00:00,payment-api,ERROR,memory pressure critical: OOM risk detected
2026-09-18T09:10:08+00:00,payment-api,ERROR,memory pressure critical: OOM risk detected
2026-09-18T09:10:38+00:00,payment-api,ERROR,memory pressure critical: OOM risk detected
2026-09-18T09:11:08+00:00,payment-api,ERROR,memory pressure critical: OOM risk detected
2026-09-18T09:11:08+00:00,order-service,INFO,heartbeat ok
2026-09-18T09:11:08+00:00,inventory-service,INFO,heartbeat ok
2026-09-18T09:11:08+00:00,auth-service,INFO,heartbeat ok
2026-09-18T09:11:08+00:00,notification-worker,INFO,heartbeat ok
2026-09-18T09:11:38+00:00,payment-api,ERROR,memory pressure critical: OOM risk detected
2026-09-18T09:12:08+00:00,payment-api,ERROR,memory pressure critical: OOM risk detected
2026-09-18T09:12:38+00:00,payment-api,ERROR,memory pressure critical: OOM risk detected
2026-09-18T09:13:08+00:00,payment-api,ERROR,memory pressure critical: OOM risk detected
2026-09-18T09:13:08+00:00,order-service,INFO,heartbeat ok
2026-09-18T09:13:08+00:00,inventory-service,INFO,heartbeat ok
2026-09-18T09:13:08+00:00,auth-service,INFO,heartbeat ok
2026-09-18T09:13:08+00:00,notification-worker,INFO,heartbeat ok
2026-09-18T09:13:38+00:00,payment-api,ERROR,memory pressure critical: OOM risk detected
2026-09-18T09:14:08+00:00,payment-api,ERROR,memory pressure critical: OOM risk detected
2026-09-18T09:14:38+00:00,payment-api,ERROR,memory pressure critical: OOM risk detected
2026-09-18T09:15:08+00:00,payment-api,ERROR,memory pressure critical: OOM risk detected
2026-09-18T09:15:08+00:00,order-service,INFO,heartbeat ok
2026-09-18T09:15:08+00:00,inventory-service,INFO,heartbeat ok
2026-09-18T09:15:08+00:00,auth-service,INFO,heartbeat ok
2026-09-18T09:15:08+00:00,notification-worker,INFO,heartbeat ok
2026-09-18T09:15:38+00:00,payment-api,ERROR,memory pressure critical: OOM risk detected
2026-09-18T09:16:08+00:00,payment-api,ERROR,memory pressure critical: OOM risk detected
2026-09-18T09:16:08+00:00,order-service,WARNING,connection retry
2026-09-18T09:16:08+00:00,inventory-service,WARNING,connection retry
2026-09-18T09:16:08+00:00,auth-service,WARNING,connection retry
2026-09-18T09:16:08+00:00,notification-worker,WARNING,connection retry
2026-09-18T09:16:38+00:00,payment-api,ERROR,memory pressure critical: OOM risk detected
2026-09-18T09:17:08+00:00,payment-api,ERROR,memory pressure critical: OOM risk detected
2026-09-18T09:17:08+00:00,order-service,INFO,heartbeat ok
2026-09-18T09:17:08+00:00,inventory-service,INFO,heartbeat ok
2026-09-18T09:17:08+00:00,auth-service,INFO,heartbeat ok
2026-09-18T09:17:08+00:00,notification-worker,INFO,heartbeat ok
2026-09-18T09:17:38+00:00,payment-api,ERROR,memory pressure critical: OOM risk detected
2026-09-18T09:18:08+00:00,payment-api,ERROR,memory pressure critical: OOM risk detected
2026-09-18T09:18:38+00:00,payment-api,ERROR,memory pressure critical: OOM risk detected
2026-09-18T09:19:08+00:00,payment-api,ERROR,memory pressure critical: OOM risk detected
2026-09-18T09:19:08+00:00,order-service,INFO,heartbeat ok
2026-09-18T09:19:08+00:00,inventory-service,INFO,heartbeat ok
2026-09-18T09:19:08+00:00,auth-service,INFO,heartbeat ok
2026-09-18T09:19:08+00:00,notification-worker,INFO,heartbeat ok
2026-09-18T09:19:38+00:00,payment-api,ERROR,memory pressure critical: OOM risk detected
2026-09-18T09:20:08+00:00,payment-api,ERROR,memory pressure critical: OOM risk detected
2026-09-18T09:20:38+00:00,payment-api,ERROR,memory pressure critical: OOM risk detected
2026-09-18T09:21:08+00:00,payment-api,ERROR,memory pressure critical: OOM risk detected
2026-09-18T09:21:08+00:00,order-service,INFO,heartbeat ok
2026-09-18T09:21:08+00:00,inventory-service,INFO,heartbeat ok
2026-09-18T09:21:08+00:00,auth-service,INFO,heartbeat ok
2026-09-18T09:21:08+00:00,notification-worker,INFO,heartbeat ok
2026-09-18T09:21:38+00:00,payment-api,ERROR,memory pressure critical: OOM risk detected
2026-09-18T09:22:08+00:00,payment-api,ERROR,memory pressure critical: OOM risk detected
2026-09-18T09:22:38+00:00,payment-api,ERROR,memory pressure critical: OOM risk detected
2026-09-18T09:23:08+00:00,payment-api,ERROR,memory pressure critical: OOM risk detected
2026-09-18T09:23:08+00:00,order-service,INFO,heartbeat ok
2026-09-18T09:23:08+00:00,inventory-service,INFO,heartbeat ok
2026-09-18T09:23:08+00:00,auth-service,INFO,heartbeat ok
2026-09-18T09:23:08+00:00,notification-worker,INFO,heartbeat ok
2026-09-18T09:23:38+00:00,payment-api,ERROR,memory pressure critical: OOM risk detected
2026-09-18T09:24:08+00:00,payment-api,ERROR,memory pressure critical: OOM risk detected
2026-09-18T09:24:38+00:00,payment-api,ERROR,memory pressure critical: OOM risk detected
2026-09-18T09:24:38+00:00,order-service,INFO,request processed
2026-09-18T09:24:38+00:00,inventory-service,INFO,request processed
2026-09-18T09:24:38+00:00,auth-service,INFO,request processed
2026-09-18T09:24:38+00:00,notification-worker,INFO,request processed
2026-09-18T09:25:08+00:00,payment-api,ERROR,memory pressure critical: OOM risk detected
2026-09-18T09:25:08+00:00,order-service,INFO,heartbeat ok
2026-09-18T09:25:08+00:00,inventory-service,INFO,heartbeat ok
2026-09-18T09:25:08+00:00,auth-service,INFO,heartbeat ok
2026-09-18T09:25:08+00:00,notification-worker,INFO,heartbeat ok
2026-09-18T09:25:38+00:00,payment-api,ERROR,memory pressure critical: OOM risk detected
2026-09-18T09:26:08+00:00,payment-api,ERROR,memory pressure critical: OOM risk detected
2026-09-18T09:26:38+00:00,payment-api,ERROR,memory pressure critical: OOM risk detected
2026-09-18T09:27:08+00:00,payment-api,ERROR,memory pressure critical: OOM risk detected
2026-09-18T09:27:08+00:00,order-service,INFO,heartbeat ok
2026-09-18T09:27:08+00:00,inventory-service,INFO,heartbeat ok
2026-09-18T09:27:08+00:00,auth-service,INFO,heartbeat ok
2026-09-18T09:27:08+00:00,notification-worker,INFO,heartbeat ok
2026-09-18T09:27:38+00:00,payment-api,ERROR,memory pressure critical: OOM risk detected
2026-09-18T09:28:08+00:00,payment-api,ERROR,memory pressure critical: OOM risk detected
2026-09-18T09:28:38+00:00,payment-api,ERROR,memory pressure critical: OOM risk detected
2026-09-18T09:29:08+00:00,payment-api,ERROR,memory pressure critical: OOM risk detected
2026-09-18T09:29:08+00:00,order-service,INFO,heartbeat ok
2026-09-18T09:29:08+00:00,inventory-service,INFO,heartbeat ok
2026-09-18T09:29:08+00:00,auth-service,INFO,heartbeat ok
2026-09-18T09:29:08+00:00,notification-worker,INFO,heartbeat ok
2026-09-18T09:29:38+00:00,payment-api,ERROR,memory pressure critical: OOM risk detected
2026-09-18T09:30:08+00:00,payment-api,ERROR,memory pressure critical: OOM risk detected
2026-09-18T09:30:38+00:00,payment-api,ERROR,memory pressure critical: OOM risk detected
2026-09-18T09:30:38+00:00,order-service,WARNING,slow query detected
2026-09-18T09:30:38+00:00,inventory-service,WARNING,slow query detected
2026-09-18T09:30:38+00:00,auth-service,WARNING,slow query detected
2026-09-18T09:30:38+00:00,notification-worker,WARNING,slow query detected
2026-09-18T09:31:08+00:00,payment-api,ERROR,memory pressure critical: OOM risk detected
2026-09-18T09:31:08+00:00,order-service,INFO,heartbeat ok
2026-09-18T09:31:08+00:00,inventory-service,INFO,heartbeat ok
2026-09-18T09:31:08+00:00,auth-service,INFO,heartbeat ok
2026-09-18T09:31:08+00:00,notification-worker,INFO,heartbeat ok
2026-09-18T09:31:38+00:00,payment-api,ERROR,memory pressure critical: OOM risk detected
2026-09-18T09:32:08+00:00,payment-api,ERROR,memory pressure critical: OOM risk detected
2026-09-18T09:32:38+00:00,payment-api,ERROR,memory pressure critical: OOM risk detected
2026-09-18T09:33:08+00:00,payment-api,ERROR,memory pressure critical: OOM risk detected
2026-09-18T09:33:08+00:00,order-service,INFO,heartbeat ok
2026-09-18T09:33:08+00:00,inventory-service,INFO,heartbeat ok
2026-09-18T09:33:08+00:00,auth-service,INFO,heartbeat ok
2026-09-18T09:33:08+00:00,notification-worker,INFO,heartbeat ok
2026-09-18T09:33:38+00:00,payment-api,ERROR,memory pressure critical: OOM risk detected
2026-09-18T09:34:08+00:00,payment-api,ERROR,memory pressure critical: OOM risk detected
2026-09-18T09:34:38+00:00,payment-api,ERROR,memory pressure critical: OOM risk detected
2026-09-18T09:35:08+00:00,payment-api,ERROR,memory pressure critical: OOM risk detected
2026-09-18T09:35:08+00:00,order-service,INFO,heartbeat ok
2026-09-18T09:35:08+00:00,inventory-service,INFO,heartbeat ok
2026-09-18T09:35:08+00:00,auth-service,INFO,heartbeat ok
2026-09-18T09:35:08+00:00,notification-worker,INFO,heartbeat ok
2026-09-18T09:35:38+00:00,payment-api,ERROR,memory pressure critical: OOM risk detected
2026-09-18T09:36:08+00:00,payment-api,ERROR,memory pressure critical: OOM risk detected
2026-09-18T09:36:38+00:00,payment-api,ERROR,memory pressure critical: OOM risk detected
2026-09-18T09:37:08+00:00,payment-api,ERROR,memory pressure critical: OOM risk detected
2026-09-18T09:37:08+00:00,order-service,INFO,heartbeat ok
2026-09-18T09:37:08+00:00,inventory-service,INFO,heartbeat ok
2026-09-18T09:37:08+00:00,auth-service,INFO,heartbeat ok
2026-09-18T09:37:08+00:00,notification-worker,INFO,heartbeat ok
2026-09-18T09:37:38+00:00,payment-api,ERROR,memory pressure critical: OOM risk detected
2026-09-18T09:38:08+00:00,payment-api,ERROR,memory pressure critical: OOM risk detected
2026-09-18T09:38:38+00:00,payment-api,ERROR,memory pressure critical: OOM risk detected
2026-09-18T09:39:08+00:00,payment-api,ERROR,memory pressure critical: OOM risk detected
2026-09-18T09:39:08+00:00,order-service,INFO,heartbeat ok
2026-09-18T09:39:08+00:00,inventory-service,INFO,heartbeat ok
2026-09-18T09:39:08+00:00,auth-service,INFO,heartbeat ok
2026-09-18T09:39:08+00:00,notification-worker,INFO,heartbeat ok
2026-09-18T09:39:38+00:00,payment-api,ERROR,memory pressure critical: OOM risk detected
2026-09-18T09:40:08+00:00,payment-api,ERROR,memory pressure critical: OOM risk detected
2026-09-18T09:40:08+00:00,order-service,INFO,request processed
2026-09-18T09:40:08+00:00,inventory-service,INFO,request processed
2026-09-18T09:40:08+00:00,auth-service,INFO,request processed
2026-09-18T09:40:08+00:00,notification-worker,INFO,request processed
2026-09-18T09:40:38+00:00,payment-api,ERROR,memory pressure critical: OOM risk detected
2026-09-18T09:41:08+00:00,payment-api,ERROR,memory pressure critical: OOM risk detected
2026-09-18T09:41:08+00:00,order-service,INFO,heartbeat ok
2026-09-18T09:41:08+00:00,inventory-service,INFO,heartbeat ok
2026-09-18T09:41:08+00:00,auth-service,INFO,heartbeat ok
2026-09-18T09:41:08+00:00,notification-worker,INFO,heartbeat ok
2026-09-18T09:41:38+00:00,payment-api,ERROR,memory pressure critical: OOM risk detected
2026-09-18T09:42:08+00:00,payment-api,ERROR,memory pressure critical: OOM risk detected
2026-09-18T09:42:38+00:00,payment-api,ERROR,memory pressure critical: OOM risk detected
2026-09-18T09:43:08+00:00,payment-api,ERROR,memory pressure critical: OOM risk detected
2026-09-18T09:43:08+00:00,order-service,INFO,heartbeat ok
2026-09-18T09:43:08+00:00,inventory-service,INFO,heartbeat ok
2026-09-18T09:43:08+00:00,auth-service,INFO,heartbeat ok
2026-09-18T09:43:08+00:00,notification-worker,INFO,heartbeat ok
2026-09-18T09:43:38+00:00,payment-api,ERROR,memory pressure critical: OOM risk detected
2026-09-18T09:44:08+00:00,payment-api,ERROR,memory pressure critical: OOM risk detected
2026-09-18T09:44:38+00:00,payment-api,ERROR,memory pressure critical: OOM risk detected
2026-09-18T09:45:08+00:00,payment-api,ERROR,memory pressure critical: OOM risk detected
2026-09-18T09:45:08+00:00,order-service,INFO,heartbeat ok
2026-09-18T09:45:08+00:00,inventory-service,INFO,heartbeat ok
2026-09-18T09:45:08+00:00,auth-service,INFO,heartbeat ok
2026-09-18T09:45:08+00:00,notification-worker,INFO,heartbeat ok
2026-09-18T09:45:38+00:00,payment-api,ERROR,memory pressure critical: OOM risk detected
2026-09-18T09:46:08+00:00,payment-api,ERROR,memory pressure critical: OOM risk detected
2026-09-18T09:46:38+00:00,payment-api,ERROR,memory pressure critical: OOM risk detected
2026-09-18T09:47:08+00:00,payment-api,ERROR,memory pressure critical: OOM risk detected
2026-09-18T09:47:08+00:00,order-service,INFO,heartbeat ok
2026-09-18T09:47:08+00:00,inventory-service,INFO,heartbeat ok
2026-09-18T09:47:08+00:00,auth-service,INFO,heartbeat ok
2026-09-18T09:47:08+00:00,notification-worker,INFO,heartbeat ok
2026-09-18T09:47:38+00:00,payment-api,ERROR,memory pressure critical: OOM risk detected
2026-09-18T09:48:08+00:00,payment-api,ERROR,memory pressure critical: OOM risk detected
2026-09-18T09:48:38+00:00,payment-api,ERROR,memory pressure critical: OOM risk detected
2026-09-18T09:49:08+00:00,payment-api,ERROR,memory pressure critical: OOM risk detected
2026-09-18T09:49:08+00:00,order-service,INFO,heartbeat ok
2026-09-18T09:49:08+00:00,inventory-service,INFO,heartbeat ok
2026-09-18T09:49:08+00:00,auth-service,INFO,heartbeat ok
2026-09-18T09:49:08+00:00,notification-worker,INFO,heartbeat ok
2026-09-18T09:49:38+00:00,payment-api,ERROR,memory pressure critical: OOM risk detected
2026-09-18T09:50:08+00:00,payment-api,ERROR,memory pressure critical: OOM risk detected
2026-09-18T09:50:38+00:00,payment-api,ERROR,memory pressure critical: OOM risk detected
2026-09-18T09:51:08+00:00,payment-api,ERROR,memory pressure critical: OOM risk detected
2026-09-18T09:51:08+00:00,order-service,INFO,heartbeat ok
2026-09-18T09:51:08+00:00,inventory-service,INFO,heartbeat ok
2026-09-18T09:51:08+00:00,auth-service,INFO,heartbeat ok
2026-09-18T09:51:08+00:00,notification-worker,INFO,heartbeat ok
2026-09-18T09:51:38+00:00,payment-api,ERROR,memory pressure critical: OOM risk detected
2026-09-18T09:52:08+00:00,payment-api,ERROR,memory pressure critical: OOM risk detected
2026-09-18T09:52:38+00:00,payment-api,ERROR,memory pressure critical: OOM risk detected
2026-09-18T09:53:08+00:00,payment-api,ERROR,memory pressure critical: OOM risk detected
2026-09-18T09:53:08+00:00,order-service,INFO,heartbeat ok
2026-09-18T09:53:08+00:00,inventory-service,INFO,heartbeat ok
2026-09-18T09:53:08+00:00,auth-service,INFO,heartbeat ok
2026-09-18T09:53:08+00:00,notification-worker,INFO,heartbeat ok
2026-09-18T09:53:38+00:00,payment-api,ERROR,memory pressure critical: OOM risk detected
2026-09-18T09:54:08+00:00,payment-api,ERROR,memory pressure critical: OOM risk detected
2026-09-18T09:54:38+00:00,payment-api,ERROR,memory pressure critical: OOM risk detected
2026-09-18T09:55:08+00:00,payment-api,ERROR,memory pressure critical: OOM risk detected
2026-09-18T09:55:08+00:00,order-service,INFO,heartbeat ok
2026-09-18T09:55:08+00:00,inventory-service,INFO,heartbeat ok
2026-09-18T09:55:08+00:00,auth-service,INFO,heartbeat ok
2026-09-18T09:55:08+00:00,notification-worker,INFO,heartbeat ok
2026-09-18T09:55:38+00:00,payment-api,ERROR,memory pressure critical: OOM risk detected
2026-09-18T09:55:38+00:00,order-service,INFO,request processed
2026-09-18T09:55:38+00:00,inventory-service,INFO,request processed
2026-09-18T09:55:38+00:00,auth-service,INFO,request processed
2026-09-18T09:55:38+00:00,notification-worker,INFO,request processed
2026-09-18T09:56:08+00:00,payment-api,ERROR,memory pressure critical: OOM risk detected
2026-09-18T09:56:38+00:00,payment-api,ERROR,memory pressure critical: OOM risk detected
2026-09-18T09:57:08+00:00,payment-api,ERROR,memory pressure critical: OOM risk detected
2026-09-18T09:57:08+00:00,order-service,INFO,heartbeat ok
2026-09-18T09:57:08+00:00,inventory-service,INFO,heartbeat ok
2026-09-18T09:57:08+00:00,auth-service,INFO,heartbeat ok
2026-09-18T09:57:08+00:00,notification-worker,INFO,heartbeat ok
2026-09-18T09:57:38+00:00,payment-api,ERROR,memory pressure critical: OOM risk detected
2026-09-18T09:58:08+00:00,payment-api,ERROR,memory pressure critical: OOM risk detected
2026-09-18T09:58:38+00:00,payment-api,ERROR,memory pressure critical: OOM risk detected
2026-09-18T09:59:08+00:00,payment-api,ERROR,memory pressure critical: OOM risk detected
2026-09-18T09:59:08+00:00,order-service,INFO,heartbeat ok
2026-09-18T09:59:08+00:00,inventory-service,INFO,heartbeat ok
2026-09-18T09:59:08+00:00,auth-service,INFO,heartbeat ok
2026-09-18T09:59:08+00:00,notification-worker,INFO,heartbeat ok
2026-09-18T09:59:38+00:00,payment-api,ERROR,memory pressure critical: OOM risk detected
2026-09-18T10:00:08+00:00,payment-api,ERROR,memory pressure critical: OOM risk detected
2026-09-18T10:00:38+00:00,payment-api,ERROR,memory pressure critical: OOM risk detected
2026-09-18T10:01:08+00:00,payment-api,ERROR,memory pressure critical: OOM risk detected
2026-09-18T10:01:08+00:00,order-service,INFO,heartbeat ok
2026-09-18T10:01:08+00:00,inventory-service,INFO,heartbeat ok
2026-09-18T10:01:08+00:00,auth-service,INFO,heartbeat ok
2026-09-18T10:01:08+00:00,notification-worker,INFO,heartbeat ok
2026-09-18T10:01:38+00:00,payment-api,ERROR,memory pressure critical: OOM risk detected
2026-09-18T10:02:08+00:00,payment-api,ERROR,memory pressure critical: OOM risk detected
2026-09-18T10:02:38+00:00,payment-api,ERROR,memory pressure critical: OOM risk detected
2026-09-18T10:03:08+00:00,payment-api,ERROR,memory pressure critical: OOM risk detected
2026-09-18T10:03:08+00:00,order-service,INFO,heartbeat ok
2026-09-18T10:03:08+00:00,inventory-service,INFO,heartbeat ok
2026-09-18T10:03:08+00:00,auth-service,INFO,heartbeat ok
2026-09-18T10:03:08+00:00,notification-worker,INFO,heartbeat ok
2026-09-18T10:03:38+00:00,payment-api,ERROR,memory pressure critical: OOM risk detected
2026-09-18T10:04:08+00:00,payment-api,ERROR,memory pressure critical: OOM risk detected
2026-09-18T10:04:38+00:00,payment-api,ERROR,memory pressure critical: OOM risk detected
2026-09-18T10:05:08+00:00,payment-api,ERROR,memory pressure critical: OOM risk detected
2026-09-18T10:05:08+00:00,order-service,INFO,heartbeat ok
2026-09-18T10:05:08+00:00,inventory-service,INFO,heartbeat ok
2026-09-18T10:05:08+00:00,auth-service,INFO,heartbeat ok
2026-09-18T10:05:08+00:00,notification-worker,INFO,heartbeat ok
2026-09-18T10:07:08+00:00,payment-api,INFO,heartbeat ok
2026-09-18T10:07:08+00:00,order-service,INFO,heartbeat ok
2026-09-18T10:07:08+00:00,inventory-service,INFO,heartbeat ok
2026-09-18T10:07:08+00:00,auth-service,INFO,heartbeat ok
2026-09-18T10:07:08+00:00,notification-worker,INFO,heartbeat ok
2026-09-18T10:09:08+00:00,payment-api,INFO,heartbeat ok
2026-09-18T10:09:08+00:00,order-service,INFO,heartbeat ok
2026-09-18T10:09:08+00:00,inventory-service,INFO,heartbeat ok
2026-09-18T10:09:08+00:00,auth-service,INFO,heartbeat ok
2026-09-18T10:09:08+00:00,notification-worker,INFO,heartbeat ok
2026-09-18T10:11:08+00:00,payment-api,INFO,heartbeat ok
2026-09-18T10:11:08+00:00,order-service,INFO,heartbeat ok
2026-09-18T10:11:08+00:00,inventory-service,INFO,heartbeat ok
2026-09-18T10:11:08+00:00,auth-service,INFO,heartbeat ok
2026-09-18T10:11:08+00:00,notification-worker,INFO,heartbeat ok
2026-09-18T10:13:08+00:00,payment-api,INFO,heartbeat ok
2026-09-18T10:13:08+00:00,order-service,INFO,heartbeat ok
2026-09-18T10:13:08+00:00,inventory-service,INFO,heartbeat ok
2026-09-18T10:13:08+00:00,auth-service,INFO,heartbeat ok
2026-09-18T10:13:08+00:00,notification-worker,INFO,heartbeat ok
2026-09-18T10:15:08+00:00,payment-api,INFO,heartbeat ok
2026-09-18T10:15:08+00:00,order-service,INFO,heartbeat ok
2026-09-18T10:15:08+00:00,inventory-service,INFO,heartbeat ok
2026-09-18T10:15:08+00:00,auth-service,INFO,heartbeat ok
2026-09-18T10:15:08+00:00,notification-worker,INFO,heartbeat ok
2026-09-18T10:17:08+00:00,payment-api,INFO,heartbeat ok
2026-09-18T10:17:08+00:00,order-service,INFO,heartbeat ok
2026-09-18T10:17:08+00:00,inventory-service,INFO,heartbeat ok
2026-09-18T10:17:08+00:00,auth-service,INFO,heartbeat ok
2026-09-18T10:17:08+00:00,notification-worker,INFO,heartbeat ok
2026-09-18T10:19:08+00:00,payment-api,INFO,heartbeat ok
2026-09-18T10:19:08+00:00,order-service,INFO,heartbeat ok
2026-09-18T10:19:08+00:00,inventory-service,INFO,heartbeat ok
2026-09-18T10:19:08+00:00,auth-service,INFO,heartbeat ok
2026-09-18T10:19:08+00:00,notification-worker,INFO,heartbeat ok
2026-09-18T10:21:08+00:00,payment-api,INFO,heartbeat ok
2026-09-18T10:21:08+00:00,order-service,INFO,heartbeat ok
2026-09-18T10:21:08+00:00,inventory-service,INFO,heartbeat ok
2026-09-18T10:21:08+00:00,auth-service,INFO,heartbeat ok
2026-09-18T10:21:08+00:00,notification-worker,INFO,heartbeat ok
2026-09-18T10:21:38+00:00,payment-api,WARNING,connection retry
2026-09-18T10:21:38+00:00,order-service,WARNING,connection retry
2026-09-18T10:21:38+00:00,inventory-service,WARNING,connection retry
2026-09-18T10:21:38+00:00,auth-service,WARNING,connection retry
2026-09-18T10:21:38+00:00,notification-worker,WARNING,connection retry
2026-09-18T10:23:08+00:00,payment-api,INFO,heartbeat ok
2026-09-18T10:23:08+00:00,order-service,INFO,heartbeat ok
2026-09-18T10:23:08+00:00,inventory-service,INFO,heartbeat ok
2026-09-18T10:23:08+00:00,auth-service,INFO,heartbeat ok
2026-09-18T10:23:08+00:00,notification-worker,INFO,heartbeat ok
2026-09-18T10:25:08+00:00,payment-api,INFO,heartbeat ok
2026-09-18T10:25:08+00:00,order-service,INFO,heartbeat ok
2026-09-18T10:25:08+00:00,inventory-service,INFO,heartbeat ok
2026-09-18T10:25:08+00:00,auth-service,INFO,heartbeat ok
2026-09-18T10:25:08+00:00,notification-worker,INFO,heartbeat ok
2026-09-18T10:26:38+00:00,payment-api,INFO,request processed
2026-09-18T10:26:38+00:00,order-service,INFO,request processed
2026-09-18T10:26:38+00:00,inventory-service,INFO,request processed
2026-09-18T10:26:38+00:00,auth-service,INFO,request processed
2026-09-18T10:26:38+00:00,notification-worker,INFO,request processed
2026-09-18T10:27:08+00:00,payment-api,INFO,heartbeat ok
2026-09-18T10:27:08+00:00,order-service,INFO,heartbeat ok
2026-09-18T10:27:08+00:00,inventory-service,INFO,heartbeat ok
2026-09-18T10:27:08+00:00,auth-service,INFO,heartbeat ok
2026-09-18T10:27:08+00:00,notification-worker,INFO,heartbeat ok
2026-09-18T10:29:08+00:00,payment-api,INFO,heartbeat ok
2026-09-18T10:29:08+00:00,order-service,INFO,heartbeat ok
2026-09-18T10:29:08+00:00,inventory-service,INFO,heartbeat ok
2026-09-18T10:29:08+00:00,auth-service,INFO,heartbeat ok
2026-09-18T10:29:08+00:00,notification-worker,INFO,heartbeat ok
2026-09-18T10:31:08+00:00,payment-api,INFO,heartbeat ok
2026-09-18T10:31:08+00:00,order-service,INFO,heartbeat ok
2026-09-18T10:31:08+00:00,inventory-service,INFO,heartbeat ok
2026-09-18T10:31:08+00:00,auth-service,INFO,heartbeat ok
2026-09-18T10:31:08+00:00,notification-worker,INFO,heartbeat ok
2026-09-18T10:33:08+00:00,payment-api,INFO,heartbeat ok
2026-09-18T10:33:08+00:00,order-service,INFO,heartbeat ok
2026-09-18T10:33:08+00:00,inventory-service,INFO,heartbeat ok
2026-09-18T10:33:08+00:00,auth-service,INFO,heartbeat ok
2026-09-18T10:33:08+00:00,notification-worker,INFO,heartbeat ok
2026-09-18T10:35:08+00:00,payment-api,INFO,heartbeat ok
2026-09-18T10:35:08+00:00,order-service,INFO,heartbeat ok
2026-09-18T10:35:08+00:00,inventory-service,INFO,heartbeat ok
2026-09-18T10:35:08+00:00,auth-service,INFO,heartbeat ok
2026-09-18T10:35:08+00:00,notification-worker,INFO,heartbeat ok
2026-09-18T10:36:08+00:00,payment-api,ERROR,temporary upstream timeout
2026-09-18T10:36:08+00:00,order-service,ERROR,temporary upstream timeout
2026-09-18T10:36:08+00:00,inventory-service,ERROR,temporary upstream timeout
2026-09-18T10:36:08+00:00,auth-service,ERROR,temporary upstream timeout
2026-09-18T10:36:08+00:00,notification-worker,ERROR,temporary upstream timeout
2026-09-18T10:37:08+00:00,payment-api,INFO,heartbeat ok
2026-09-18T10:37:08+00:00,order-service,INFO,heartbeat ok
2026-09-18T10:37:08+00:00,inventory-service,INFO,heartbeat ok
2026-09-18T10:37:08+00:00,auth-service,INFO,heartbeat ok
2026-09-18T10:37:08+00:00,notification-worker,INFO,heartbeat ok
2026-09-18T10:39:08+00:00,payment-api,INFO,heartbeat ok
2026-09-18T10:39:08+00:00,order-service,INFO,heartbeat ok
2026-09-18T10:39:08+00:00,inventory-service,INFO,heartbeat ok
2026-09-18T10:39:08+00:00,auth-service,INFO,heartbeat ok
2026-09-18T10:39:08+00:00,notification-worker,INFO,heartbeat ok
2026-09-18T10:41:08+00:00,payment-api,INFO,heartbeat ok
2026-09-18T10:41:08+00:00,order-service,INFO,heartbeat ok
2026-09-18T10:41:08+00:00,inventory-service,INFO,heartbeat ok
2026-09-18T10:41:08+00:00,auth-service,INFO,heartbeat ok
2026-09-18T10:41:08+00:00,notification-worker,INFO,heartbeat ok
2026-09-18T10:42:08+00:00,payment-api,INFO,request processed
2026-09-18T10:42:08+00:00,order-service,INFO,request processed
2026-09-18T10:42:08+00:00,inventory-service,INFO,request processed
2026-09-18T10:42:08+00:00,auth-service,INFO,request processed
2026-09-18T10:42:08+00:00,notification-worker,INFO,request processed
2026-09-18T10:43:08+00:00,payment-api,INFO,heartbeat ok
2026-09-18T10:43:08+00:00,order-service,INFO,heartbeat ok
2026-09-18T10:43:08+00:00,inventory-service,INFO,heartbeat ok
2026-09-18T10:43:08+00:00,auth-service,INFO,heartbeat ok
2026-09-18T10:43:08+00:00,notification-worker,INFO,heartbeat ok
2026-09-18T10:45:08+00:00,payment-api,INFO,heartbeat ok
2026-09-18T10:45:08+00:00,order-service,INFO,heartbeat ok
2026-09-18T10:45:08+00:00,inventory-service,INFO,heartbeat ok
2026-09-18T10:45:08+00:00,auth-service,INFO,heartbeat ok
2026-09-18T10:45:08+00:00,notification-worker,INFO,heartbeat ok
2026-09-18T10:47:08+00:00,payment-api,INFO,heartbeat ok
2026-09-18T10:47:08+00:00,order-service,INFO,heartbeat ok
2026-09-18T10:47:08+00:00,inventory-service,INFO,heartbeat ok
2026-09-18T10:47:08+00:00,auth-service,INFO,heartbeat ok
2026-09-18T10:47:08+00:00,notification-worker,INFO,heartbeat ok
2026-09-18T10:49:08+00:00,payment-api,INFO,heartbeat ok
2026-09-18T10:49:08+00:00,order-service,INFO,heartbeat ok
2026-09-18T10:49:08+00:00,inventory-service,INFO,heartbeat ok
2026-09-18T10:49:08+00:00,auth-service,INFO,heartbeat ok
2026-09-18T10:49:08+00:00,notification-worker,INFO,heartbeat ok
2026-09-18T10:51:08+00:00,payment-api,INFO,heartbeat ok
2026-09-18T10:51:08+00:00,order-service,INFO,heartbeat ok
2026-09-18T10:51:08+00:00,inventory-service,INFO,heartbeat ok
2026-09-18T10:51:08+00:00,auth-service,INFO,heartbeat ok
2026-09-18T10:51:08+00:00,notification-worker,INFO,heartbeat ok
2026-09-18T10:53:08+00:00,payment-api,INFO,heartbeat ok
2026-09-18T10:53:08+00:00,order-service,INFO,heartbeat ok
2026-09-18T10:53:08+00:00,inventory-service,INFO,heartbeat ok
2026-09-18T10:53:08+00:00,auth-service,INFO,heartbeat ok
2026-09-18T10:53:08+00:00,notification-worker,INFO,heartbeat ok
2026-09-18T10:55:08+00:00,payment-api,INFO,heartbeat ok
2026-09-18T10:55:08+00:00,order-service,INFO,heartbeat ok
2026-09-18T10:55:08+00:00,inventory-service,INFO,heartbeat ok
2026-09-18T10:55:08+00:00,auth-service,INFO,heartbeat ok
2026-09-18T10:55:08+00:00,notification-worker,INFO,heartbeat ok
2026-09-18T10:57:08+00:00,payment-api,INFO,heartbeat ok
2026-09-18T10:57:08+00:00,order-service,INFO,heartbeat ok
2026-09-18T10:57:08+00:00,inventory-service,INFO,heartbeat ok
2026-09-18T10:57:08+00:00,auth-service,INFO,heartbeat ok
2026-09-18T10:57:08+00:00,notification-worker,INFO,heartbeat ok
2026-09-18T10:57:38+00:00,payment-api,INFO,request processed
2026-09-18T10:57:38+00:00,order-service,INFO,request processed
2026-09-18T10:57:38+00:00,inventory-service,INFO,request processed
2026-09-18T10:57:38+00:00,auth-service,INFO,request processed
2026-09-18T10:57:38+00:00,notification-worker,INFO,request processed
2026-09-18T10:59:08+00:00,payment-api,INFO,heartbeat ok
2026-09-18T10:59:08+00:00,order-service,INFO,heartbeat ok
2026-09-18T10:59:08+00:00,inventory-service,INFO,heartbeat ok
2026-09-18T10:59:08+00:00,auth-service,INFO,heartbeat ok
2026-09-18T10:59:08+00:00,notification-worker,INFO,heartbeat ok
2026-09-18T11:01:08+00:00,payment-api,INFO,heartbeat ok
2026-09-18T11:01:08+00:00,order-service,INFO,heartbeat ok
2026-09-18T11:01:08+00:00,inventory-service,INFO,heartbeat ok
2026-09-18T11:01:08+00:00,auth-service,INFO,heartbeat ok
2026-09-18T11:01:08+00:00,notification-worker,INFO,heartbeat ok
2026-09-18T11:03:08+00:00,payment-api,INFO,heartbeat ok
2026-09-18T11:03:08+00:00,order-service,INFO,heartbeat ok
2026-09-18T11:03:08+00:00,inventory-service,INFO,heartbeat ok
2026-09-18T11:03:08+00:00,auth-service,INFO,heartbeat ok
2026-09-18T11:03:08+00:00,notification-worker,INFO,heartbeat ok
2026-09-18T11:05:08+00:00,payment-api,INFO,heartbeat ok
2026-09-18T11:05:08+00:00,order-service,INFO,heartbeat ok
2026-09-18T11:05:08+00:00,inventory-service,INFO,heartbeat ok
2026-09-18T11:05:08+00:00,auth-service,INFO,heartbeat ok
2026-09-18T11:05:08+00:00,notification-worker,INFO,heartbeat ok
2026-09-18T11:07:08+00:00,payment-api,INFO,heartbeat ok
2026-09-18T11:07:08+00:00,order-service,INFO,heartbeat ok
2026-09-18T11:07:08+00:00,inventory-service,INFO,heartbeat ok
2026-09-18T11:07:08+00:00,auth-service,INFO,heartbeat ok
2026-09-18T11:07:08+00:00,notification-worker,INFO,heartbeat ok
2026-09-18T11:07:38+00:00,payment-api,WARNING,slow query detected
2026-09-18T11:07:38+00:00,order-service,WARNING,slow query detected
2026-09-18T11:07:38+00:00,inventory-service,WARNING,slow query detected
2026-09-18T11:07:38+00:00,auth-service,WARNING,slow query detected
2026-09-18T11:07:38+00:00,notification-worker,WARNING,slow query detected
2026-09-18T11:09:08+00:00,payment-api,INFO,heartbeat ok
2026-09-18T11:09:08+00:00,order-service,INFO,heartbeat ok
2026-09-18T11:09:08+00:00,inventory-service,INFO,heartbeat ok
2026-09-18T11:09:08+00:00,auth-service,INFO,heartbeat ok
2026-09-18T11:09:08+00:00,notification-worker,INFO,heartbeat ok
2026-09-18T11:11:08+00:00,payment-api,INFO,heartbeat ok
2026-09-18T11:11:08+00:00,order-service,INFO,heartbeat ok
2026-09-18T11:11:08+00:00,inventory-service,INFO,heartbeat ok
2026-09-18T11:11:08+00:00,auth-service,INFO,heartbeat ok
2026-09-18T11:11:08+00:00,notification-worker,INFO,heartbeat ok
2026-09-18T11:13:08+00:00,payment-api,INFO,heartbeat ok
2026-09-18T11:13:08+00:00,order-service,INFO,heartbeat ok
2026-09-18T11:13:08+00:00,inventory-service,INFO,heartbeat ok
2026-09-18T11:13:08+00:00,auth-service,INFO,heartbeat ok
2026-09-18T11:13:08+00:00,notification-worker,INFO,heartbeat ok
2026-09-18T11:15:08+00:00,payment-api,INFO,heartbeat ok
2026-09-18T11:15:08+00:00,order-service,INFO,heartbeat ok
2026-09-18T11:15:08+00:00,inventory-service,INFO,heartbeat ok
2026-09-18T11:15:08+00:00,auth-service,INFO,heartbeat ok
2026-09-18T11:15:08+00:00,notification-worker,INFO,heartbeat ok
2026-09-18T11:17:08+00:00,payment-api,INFO,heartbeat ok
2026-09-18T11:17:08+00:00,order-service,INFO,heartbeat ok
2026-09-18T11:17:08+00:00,inventory-service,INFO,heartbeat ok
2026-09-18T11:17:08+00:00,auth-service,INFO,heartbeat ok
2026-09-18T11:17:08+00:00,notification-worker,INFO,heartbeat ok
2026-09-18T11:19:08+00:00,payment-api,INFO,heartbeat ok
2026-09-18T11:19:08+00:00,order-service,INFO,heartbeat ok
2026-09-18T11:19:08+00:00,inventory-service,INFO,heartbeat ok
2026-09-18T11:19:08+00:00,auth-service,INFO,heartbeat ok
2026-09-18T11:19:08+00:00,notification-worker,INFO,heartbeat ok
2026-09-18T11:21:08+00:00,payment-api,INFO,heartbeat ok
2026-09-18T11:21:08+00:00,order-service,INFO,heartbeat ok
2026-09-18T11:21:08+00:00,inventory-service,INFO,heartbeat ok
2026-09-18T11:21:08+00:00,auth-service,INFO,heartbeat ok
2026-09-18T11:21:08+00:00,notification-worker,INFO,heartbeat ok
2026-09-18T11:23:08+00:00,payment-api,INFO,heartbeat ok
2026-09-18T11:23:08+00:00,order-service,INFO,heartbeat ok
2026-09-18T11:23:08+00:00,inventory-service,INFO,heartbeat ok
2026-09-18T11:23:08+00:00,auth-service,INFO,heartbeat ok
2026-09-18T11:23:08+00:00,notification-worker,INFO,heartbeat ok
2026-09-18T11:25:08+00:00,payment-api,INFO,heartbeat ok
2026-09-18T11:25:08+00:00,order-service,INFO,heartbeat ok
2026-09-18T11:25:08+00:00,inventory-service,INFO,heartbeat ok
2026-09-18T11:25:08+00:00,auth-service,INFO,heartbeat ok
2026-09-18T11:25:08+00:00,notification-worker,INFO,heartbeat ok
2026-09-18T11:27:08+00:00,payment-api,INFO,heartbeat ok
2026-09-18T11:27:08+00:00,order-service,INFO,heartbeat ok
2026-09-18T11:27:08+00:00,inventory-service,INFO,heartbeat ok
2026-09-18T11:27:08+00:00,auth-service,INFO,heartbeat ok
2026-09-18T11:27:08+00:00,notification-worker,INFO,heartbeat ok
2026-09-18T11:28:38+00:00,payment-api,INFO,request processed
2026-09-18T11:28:38+00:00,order-service,INFO,request processed
2026-09-18T11:28:38+00:00,inventory-service,INFO,request processed
2026-09-18T11:28:38+00:00,auth-service,INFO,request processed
2026-09-18T11:28:38+00:00,notification-worker,INFO,request processed
2026-09-18T11:29:08+00:00,payment-api,INFO,heartbeat ok
2026-09-18T11:29:08+00:00,order-service,INFO,heartbeat ok
2026-09-18T11:29:08+00:00,inventory-service,INFO,heartbeat ok
2026-09-18T11:29:08+00:00,auth-service,INFO,heartbeat ok
2026-09-18T11:29:08+00:00,notification-worker,INFO,heartbeat ok
2026-09-18T11:31:08+00:00,payment-api,INFO,heartbeat ok
2026-09-18T11:31:08+00:00,order-service,INFO,heartbeat ok
2026-09-18T11:31:08+00:00,inventory-service,INFO,heartbeat ok
2026-09-18T11:31:08+00:00,auth-service,INFO,heartbeat ok
2026-09-18T11:31:08+00:00,notification-worker,INFO,heartbeat ok
2026-09-18T11:33:08+00:00,payment-api,INFO,heartbeat ok
2026-09-18T11:33:08+00:00,order-service,INFO,heartbeat ok
2026-09-18T11:33:08+00:00,inventory-service,INFO,heartbeat ok
2026-09-18T11:33:08+00:00,auth-service,INFO,heartbeat ok
2026-09-18T11:33:08+00:00,notification-worker,INFO,heartbeat ok
2026-09-18T11:35:08+00:00,payment-api,INFO,heartbeat ok
2026-09-18T11:35:08+00:00,order-service,INFO,heartbeat ok
2026-09-18T11:35:08+00:00,inventory-service,INFO,heartbeat ok
2026-09-18T11:35:08+00:00,auth-service,INFO,heartbeat ok
2026-09-18T11:35:08+00:00,notification-worker,INFO,heartbeat ok
2026-09-18T11:37:08+00:00,payment-api,INFO,heartbeat ok
2026-09-18T11:37:08+00:00,order-service,INFO,heartbeat ok
2026-09-18T11:37:08+00:00,inventory-service,INFO,heartbeat ok
2026-09-18T11:37:08+00:00,auth-service,INFO,heartbeat ok
2026-09-18T11:37:08+00:00,notification-worker,INFO,heartbeat ok
2026-09-18T11:39:08+00:00,payment-api,INFO,heartbeat ok
2026-09-18T11:39:08+00:00,order-service,INFO,heartbeat ok
2026-09-18T11:39:08+00:00,inventory-service,INFO,heartbeat ok
2026-09-18T11:39:08+00:00,auth-service,INFO,heartbeat ok
2026-09-18T11:39:08+00:00,notification-worker,INFO,heartbeat ok
2026-09-18T11:41:08+00:00,payment-api,INFO,heartbeat ok
2026-09-18T11:41:08+00:00,order-service,INFO,heartbeat ok
2026-09-18T11:41:08+00:00,inventory-service,INFO,heartbeat ok
2026-09-18T11:41:08+00:00,auth-service,INFO,heartbeat ok
2026-09-18T11:41:08+00:00,notification-worker,INFO,heartbeat ok
2026-09-18T11:43:08+00:00,payment-api,INFO,heartbeat ok
2026-09-18T11:43:08+00:00,order-service,INFO,heartbeat ok
2026-09-18T11:43:08+00:00,inventory-service,INFO,heartbeat ok
2026-09-18T11:43:08+00:00,auth-service,INFO,heartbeat ok
2026-09-18T11:43:08+00:00,notification-worker,INFO,heartbeat ok
2026-09-18T11:44:08+00:00,payment-api,INFO,request processed
2026-09-18T11:44:08+00:00,order-service,INFO,request processed
2026-09-18T11:44:08+00:00,inventory-service,INFO,request processed
2026-09-18T11:44:08+00:00,auth-service,INFO,request processed
2026-09-18T11:44:08+00:00,notification-worker,INFO,request processed
2026-09-18T11:45:08+00:00,payment-api,INFO,heartbeat ok
2026-09-18T11:45:08+00:00,order-service,INFO,heartbeat ok
2026-09-18T11:45:08+00:00,inventory-service,INFO,heartbeat ok
2026-09-18T11:45:08+00:00,auth-service,INFO,heartbeat ok
2026-09-18T11:45:08+00:00,notification-worker,INFO,heartbeat ok
2026-09-18T11:47:08+00:00,payment-api,INFO,heartbeat ok
2026-09-18T11:47:08+00:00,order-service,INFO,heartbeat ok
2026-09-18T11:47:08+00:00,inventory-service,INFO,heartbeat ok
2026-09-18T11:47:08+00:00,auth-service,INFO,heartbeat ok
2026-09-18T11:47:08+00:00,notification-worker,INFO,heartbeat ok
2026-09-18T11:49:08+00:00,payment-api,INFO,heartbeat ok
2026-09-18T11:49:08+00:00,order-service,INFO,heartbeat ok
2026-09-18T11:49:08+00:00,inventory-service,INFO,heartbeat ok
2026-09-18T11:49:08+00:00,auth-service,INFO,heartbeat ok
2026-09-18T11:49:08+00:00,notification-worker,INFO,heartbeat ok
2026-09-18T11:51:08+00:00,payment-api,INFO,heartbeat ok
2026-09-18T11:51:08+00:00,order-service,INFO,heartbeat ok
2026-09-18T11:51:08+00:00,inventory-service,INFO,heartbeat ok
2026-09-18T11:51:08+00:00,auth-service,INFO,heartbeat ok
2026-09-18T11:51:08+00:00,notification-worker,INFO,heartbeat ok
2026-09-18T11:53:08+00:00,payment-api,INFO,heartbeat ok
2026-09-18T11:53:08+00:00,order-service,INFO,heartbeat ok
2026-09-18T11:53:08+00:00,inventory-service,INFO,heartbeat ok
2026-09-18T11:53:08+00:00,auth-service,INFO,heartbeat ok
2026-09-18T11:53:08+00:00,notification-worker,INFO,heartbeat ok
2026-09-18T11:55:08+00:00,payment-api,INFO,heartbeat ok
2026-09-18T11:55:08+00:00,order-service,INFO,heartbeat ok
2026-09-18T11:55:08+00:00,inventory-service,INFO,heartbeat ok
2026-09-18T11:55:08+00:00,auth-service,INFO,heartbeat ok
2026-09-18T11:55:08+00:00,notification-worker,INFO,heartbeat ok
2026-09-18T11:56:08+00:00,payment-api,WARNING,slow query detected
2026-09-18T11:56:08+00:00,order-service,WARNING,slow query detected
2026-09-18T11:56:08+00:00,inventory-service,WARNING,slow query detected
2026-09-18T11:56:08+00:00,auth-service,WARNING,slow query detected
2026-09-18T11:56:08+00:00,notification-worker,WARNING,slow query detected
2026-09-18T11:57:08+00:00,payment-api,INFO,heartbeat ok
2026-09-18T11:57:08+00:00,order-service,INFO,heartbeat ok
2026-09-18T11:57:08+00:00,inventory-service,INFO,heartbeat ok
2026-09-18T11:57:08+00:00,auth-service,INFO,heartbeat ok
2026-09-18T11:57:08+00:00,notification-worker,INFO,heartbeat ok
2026-09-18T11:59:08+00:00,payment-api,INFO,heartbeat ok
2026-09-18T11:59:08+00:00,order-service,INFO,heartbeat ok
2026-09-18T11:59:08+00:00,inventory-service,INFO,heartbeat ok
2026-09-18T11:59:08+00:00,auth-service,INFO,heartbeat ok
2026-09-18T11:59:08+00:00,notification-worker,INFO,heartbeat ok
2026-09-18T11:59:38+00:00,payment-api,INFO,request processed
2026-09-18T11:59:38+00:00,order-service,INFO,request processed
2026-09-18T11:59:38+00:00,inventory-service,INFO,request processed
2026-09-18T11:59:38+00:00,auth-service,INFO,request processed
2026-09-18T11:59:38+00:00,notification-worker,INFO,request processed
2026-09-18T12:01:08+00:00,payment-api,INFO,heartbeat ok
2026-09-18T12:01:08+00:00,order-service,INFO,heartbeat ok
2026-09-18T12:01:08+00:00,inventory-service,INFO,heartbeat ok
2026-09-18T12:01:08+00:00,auth-service,INFO,heartbeat ok
2026-09-18T12:01:08+00:00,notification-worker,INFO,heartbeat ok
2026-09-18T12:03:08+00:00,payment-api,INFO,heartbeat ok
2026-09-18T12:03:08+00:00,order-service,INFO,heartbeat ok
2026-09-18T12:03:08+00:00,inventory-service,INFO,heartbeat ok
2026-09-18T12:03:08+00:00,auth-service,INFO,heartbeat ok
2026-09-18T12:03:08+00:00,notification-worker,INFO,heartbeat ok
2026-09-18T12:05:08+00:00,payment-api,INFO,heartbeat ok
2026-09-18T12:05:08+00:00,order-service,INFO,heartbeat ok
2026-09-18T12:05:08+00:00,inventory-service,INFO,heartbeat ok
2026-09-18T12:05:08+00:00,auth-service,INFO,heartbeat ok
2026-09-18T12:05:08+00:00,notification-worker,INFO,heartbeat ok
2026-09-18T12:07:08+00:00,order-service,INFO,heartbeat ok
2026-09-18T12:07:08+00:00,inventory-service,INFO,heartbeat ok
2026-09-18T12:07:08+00:00,auth-service,INFO,heartbeat ok
2026-09-18T12:07:08+00:00,notification-worker,INFO,heartbeat ok
2026-09-18T12:09:08+00:00,order-service,INFO,heartbeat ok
2026-09-18T12:09:08+00:00,inventory-service,INFO,heartbeat ok
2026-09-18T12:09:08+00:00,auth-service,INFO,heartbeat ok
2026-09-18T12:09:08+00:00,notification-worker,INFO,heartbeat ok
2026-09-18T12:11:08+00:00,order-service,INFO,heartbeat ok
2026-09-18T12:11:08+00:00,inventory-service,INFO,heartbeat ok
2026-09-18T12:11:08+00:00,auth-service,INFO,heartbeat ok
2026-09-18T12:11:08+00:00,notification-worker,INFO,heartbeat ok
2026-09-18T12:13:08+00:00,order-service,INFO,heartbeat ok
2026-09-18T12:13:08+00:00,inventory-service,INFO,heartbeat ok
2026-09-18T12:13:08+00:00,auth-service,INFO,heartbeat ok
2026-09-18T12:13:08+00:00,notification-worker,INFO,heartbeat ok
2026-09-18T12:15:08+00:00,order-service,INFO,heartbeat ok
2026-09-18T12:15:08+00:00,inventory-service,INFO,heartbeat ok
2026-09-18T12:15:08+00:00,auth-service,INFO,heartbeat ok
2026-09-18T12:15:08+00:00,notification-worker,INFO,heartbeat ok
2026-09-18T12:17:08+00:00,order-service,INFO,heartbeat ok
2026-09-18T12:17:08+00:00,inventory-service,INFO,heartbeat ok
2026-09-18T12:17:08+00:00,auth-service,INFO,heartbeat ok
2026-09-18T12:17:08+00:00,notification-worker,INFO,heartbeat ok
2026-09-18T12:19:08+00:00,order-service,INFO,heartbeat ok
2026-09-18T12:19:08+00:00,inventory-service,INFO,heartbeat ok
2026-09-18T12:19:08+00:00,auth-service,INFO,heartbeat ok
2026-09-18T12:19:08+00:00,notification-worker,INFO,heartbeat ok
2026-09-18T12:21:08+00:00,order-service,INFO,heartbeat ok
2026-09-18T12:21:08+00:00,inventory-service,INFO,heartbeat ok
2026-09-18T12:21:08+00:00,auth-service,INFO,heartbeat ok
2026-09-18T12:21:08+00:00,notification-worker,INFO,heartbeat ok
2026-09-18T12:21:38+00:00,order-service,ERROR,temporary upstream timeout
2026-09-18T12:21:38+00:00,inventory-service,ERROR,temporary upstream timeout
2026-09-18T12:21:38+00:00,auth-service,ERROR,temporary upstream timeout
2026-09-18T12:21:38+00:00,notification-worker,ERROR,temporary upstream timeout
2026-09-18T12:23:08+00:00,order-service,INFO,heartbeat ok
2026-09-18T12:23:08+00:00,inventory-service,INFO,heartbeat ok
2026-09-18T12:23:08+00:00,auth-service,INFO,heartbeat ok
2026-09-18T12:23:08+00:00,notification-worker,INFO,heartbeat ok
2026-09-18T12:24:38+00:00,payment-api,WARNING,database connection usage rising
2026-09-18T12:25:08+00:00,payment-api,WARNING,database connection usage rising
2026-09-18T12:25:08+00:00,order-service,INFO,heartbeat ok
2026-09-18T12:25:08+00:00,inventory-service,INFO,heartbeat ok
2026-09-18T12:25:08+00:00,auth-service,INFO,heartbeat ok
2026-09-18T12:25:08+00:00,notification-worker,INFO,heartbeat ok
2026-09-18T12:25:38+00:00,payment-api,WARNING,database connection usage rising
2026-09-18T12:26:08+00:00,payment-api,WARNING,database connection usage rising
2026-09-18T12:26:38+00:00,payment-api,WARNING,database connection usage rising
2026-09-18T12:27:08+00:00,payment-api,WARNING,database connection usage rising
2026-09-18T12:27:08+00:00,order-service,INFO,heartbeat ok
2026-09-18T12:27:08+00:00,inventory-service,INFO,heartbeat ok
2026-09-18T12:27:08+00:00,auth-service,INFO,heartbeat ok
2026-09-18T12:27:08+00:00,notification-worker,INFO,heartbeat ok
2026-09-18T12:27:38+00:00,payment-api,WARNING,database connection usage rising
2026-09-18T12:28:08+00:00,payment-api,WARNING,database connection usage rising
2026-09-18T12:28:38+00:00,payment-api,WARNING,database connection usage rising
2026-09-18T12:29:08+00:00,payment-api,WARNING,database connection usage rising
2026-09-18T12:29:08+00:00,order-service,INFO,heartbeat ok
2026-09-18T12:29:08+00:00,inventory-service,INFO,heartbeat ok
2026-09-18T12:29:08+00:00,auth-service,INFO,heartbeat ok
2026-09-18T12:29:08+00:00,notification-worker,INFO,heartbeat ok
2026-09-18T12:29:38+00:00,payment-api,WARNING,database connection usage rising
2026-09-18T12:30:08+00:00,payment-api,WARNING,database connection usage rising
2026-09-18T12:30:38+00:00,payment-api,WARNING,database connection usage rising
2026-09-18T12:30:38+00:00,order-service,INFO,request processed
2026-09-18T12:30:38+00:00,inventory-service,INFO,request processed
2026-09-18T12:30:38+00:00,auth-service,INFO,request processed
2026-09-18T12:30:38+00:00,notification-worker,INFO,request processed
2026-09-18T12:31:08+00:00,payment-api,WARNING,database connection usage rising
2026-09-18T12:31:08+00:00,order-service,INFO,heartbeat ok
2026-09-18T12:31:08+00:00,inventory-service,INFO,heartbeat ok
2026-09-18T12:31:08+00:00,auth-service,INFO,heartbeat ok
2026-09-18T12:31:08+00:00,notification-worker,INFO,heartbeat ok
2026-09-18T12:31:38+00:00,payment-api,WARNING,database connection usage rising
2026-09-18T12:32:08+00:00,payment-api,WARNING,database connection usage rising
2026-09-18T12:32:38+00:00,payment-api,WARNING,database connection usage rising
2026-09-18T12:32:38+00:00,order-service,WARNING,connection retry
2026-09-18T12:32:38+00:00,inventory-service,WARNING,connection retry
2026-09-18T12:32:38+00:00,auth-service,WARNING,connection retry
2026-09-18T12:32:38+00:00,notification-worker,WARNING,connection retry
2026-09-18T12:33:08+00:00,payment-api,WARNING,database connection usage rising
2026-09-18T12:33:08+00:00,order-service,INFO,heartbeat ok
2026-09-18T12:33:08+00:00,inventory-service,INFO,heartbeat ok
2026-09-18T12:33:08+00:00,auth-service,INFO,heartbeat ok
2026-09-18T12:33:08+00:00,notification-worker,INFO,heartbeat ok
2026-09-18T12:33:38+00:00,payment-api,WARNING,database connection usage rising
2026-09-18T12:34:08+00:00,payment-api,WARNING,database connection usage rising
2026-09-18T12:34:38+00:00,payment-api,WARNING,database connection usage rising
2026-09-18T12:35:08+00:00,payment-api,WARNING,database connection usage rising
2026-09-18T12:35:08+00:00,order-service,INFO,heartbeat ok
2026-09-18T12:35:08+00:00,inventory-service,INFO,heartbeat ok
2026-09-18T12:35:08+00:00,auth-service,INFO,heartbeat ok
2026-09-18T12:35:08+00:00,notification-worker,INFO,heartbeat ok
2026-09-18T12:35:38+00:00,payment-api,WARNING,database connection usage rising
2026-09-18T12:36:08+00:00,payment-api,WARNING,database connection usage rising
2026-09-18T12:36:38+00:00,payment-api,WARNING,database connection usage rising
2026-09-18T12:37:08+00:00,payment-api,WARNING,database connection usage rising
2026-09-18T12:37:08+00:00,order-service,INFO,heartbeat ok
2026-09-18T12:37:08+00:00,inventory-service,INFO,heartbeat ok
2026-09-18T12:37:08+00:00,auth-service,INFO,heartbeat ok
2026-09-18T12:37:08+00:00,notification-worker,INFO,heartbeat ok
2026-09-18T12:37:38+00:00,payment-api,WARNING,database connection usage rising
2026-09-18T12:38:08+00:00,payment-api,WARNING,database connection usage rising
2026-09-18T12:38:38+00:00,payment-api,WARNING,database connection usage rising
2026-09-18T12:39:08+00:00,payment-api,WARNING,database connection usage rising
2026-09-18T12:39:08+00:00,order-service,INFO,heartbeat ok
2026-09-18T12:39:08+00:00,inventory-service,INFO,heartbeat ok
2026-09-18T12:39:08+00:00,auth-service,INFO,heartbeat ok
2026-09-18T12:39:08+00:00,notification-worker,INFO,heartbeat ok
2026-09-18T12:39:38+00:00,payment-api,WARNING,database connection usage rising
2026-09-18T12:40:08+00:00,payment-api,WARNING,database connection usage rising
2026-09-18T12:40:38+00:00,payment-api,WARNING,database connection usage rising
2026-09-18T12:41:08+00:00,payment-api,WARNING,database connection usage rising
2026-09-18T12:41:08+00:00,order-service,INFO,heartbeat ok
2026-09-18T12:41:08+00:00,inventory-service,INFO,heartbeat ok
2026-09-18T12:41:08+00:00,auth-service,INFO,heartbeat ok
2026-09-18T12:41:08+00:00,notification-worker,INFO,heartbeat ok
2026-09-18T12:41:38+00:00,payment-api,WARNING,database connection usage rising
2026-09-18T12:42:08+00:00,payment-api,WARNING,database connection usage rising
2026-09-18T12:42:38+00:00,payment-api,WARNING,database connection usage rising
2026-09-18T12:43:08+00:00,payment-api,WARNING,database connection usage rising
2026-09-18T12:43:08+00:00,order-service,INFO,heartbeat ok
2026-09-18T12:43:08+00:00,inventory-service,INFO,heartbeat ok
2026-09-18T12:43:08+00:00,auth-service,INFO,heartbeat ok
2026-09-18T12:43:08+00:00,notification-worker,INFO,heartbeat ok
2026-09-18T12:43:38+00:00,payment-api,WARNING,database connection usage rising
2026-09-18T12:44:08+00:00,payment-api,WARNING,database connection usage rising
2026-09-18T12:44:38+00:00,payment-api,WARNING,database connection usage rising
2026-09-18T12:44:38+00:00,order-service,WARNING,slow query detected
2026-09-18T12:44:38+00:00,inventory-service,WARNING,slow query detected
2026-09-18T12:44:38+00:00,auth-service,WARNING,slow query detected
2026-09-18T12:44:38+00:00,notification-worker,WARNING,slow query detected
2026-09-18T12:45:08+00:00,payment-api,WARNING,database connection usage rising
2026-09-18T12:45:08+00:00,order-service,INFO,heartbeat ok
2026-09-18T12:45:08+00:00,inventory-service,INFO,heartbeat ok
2026-09-18T12:45:08+00:00,auth-service,INFO,heartbeat ok
2026-09-18T12:45:08+00:00,notification-worker,INFO,heartbeat ok
2026-09-18T12:45:38+00:00,payment-api,WARNING,database connection usage rising
2026-09-18T12:46:08+00:00,payment-api,WARNING,database connection usage rising
2026-09-18T12:46:08+00:00,order-service,INFO,request processed
2026-09-18T12:46:08+00:00,inventory-service,INFO,request processed
2026-09-18T12:46:08+00:00,auth-service,INFO,request processed
2026-09-18T12:46:08+00:00,notification-worker,INFO,request processed
2026-09-18T12:46:38+00:00,payment-api,WARNING,database connection usage rising
2026-09-18T12:47:08+00:00,payment-api,WARNING,database connection usage rising
2026-09-18T12:47:08+00:00,order-service,INFO,heartbeat ok
2026-09-18T12:47:08+00:00,inventory-service,INFO,heartbeat ok
2026-09-18T12:47:08+00:00,auth-service,INFO,heartbeat ok
2026-09-18T12:47:08+00:00,notification-worker,INFO,heartbeat ok
2026-09-18T12:47:38+00:00,payment-api,WARNING,database connection usage rising
2026-09-18T12:48:08+00:00,payment-api,WARNING,database connection usage rising
2026-09-18T12:48:38+00:00,payment-api,WARNING,database connection usage rising
2026-09-18T12:49:08+00:00,payment-api,WARNING,database connection usage rising
2026-09-18T12:49:08+00:00,order-service,INFO,heartbeat ok
2026-09-18T12:49:08+00:00,inventory-service,INFO,heartbeat ok
2026-09-18T12:49:08+00:00,auth-service,INFO,heartbeat ok
2026-09-18T12:49:08+00:00,notification-worker,INFO,heartbeat ok
2026-09-18T12:49:38+00:00,payment-api,WARNING,database connection usage rising
2026-09-18T12:50:08+00:00,payment-api,WARNING,database connection usage rising
2026-09-18T12:50:38+00:00,payment-api,WARNING,database connection usage rising
2026-09-18T12:51:08+00:00,payment-api,WARNING,database connection usage rising
2026-09-18T12:51:08+00:00,order-service,INFO,heartbeat ok
2026-09-18T12:51:08+00:00,inventory-service,INFO,heartbeat ok
2026-09-18T12:51:08+00:00,auth-service,INFO,heartbeat ok
2026-09-18T12:51:08+00:00,notification-worker,INFO,heartbeat ok
2026-09-18T12:51:38+00:00,payment-api,WARNING,database connection usage rising
2026-09-18T12:52:08+00:00,payment-api,WARNING,database connection usage rising
2026-09-18T12:52:38+00:00,payment-api,WARNING,database connection usage rising
2026-09-18T12:53:08+00:00,payment-api,WARNING,database connection usage rising
2026-09-18T12:53:08+00:00,order-service,INFO,heartbeat ok
2026-09-18T12:53:08+00:00,inventory-service,INFO,heartbeat ok
2026-09-18T12:53:08+00:00,auth-service,INFO,heartbeat ok
2026-09-18T12:53:08+00:00,notification-worker,INFO,heartbeat ok
2026-09-18T12:53:38+00:00,payment-api,WARNING,database connection usage rising
2026-09-18T12:54:08+00:00,payment-api,WARNING,database connection usage rising
2026-09-18T12:54:38+00:00,payment-api,WARNING,database connection usage rising
2026-09-18T12:55:08+00:00,payment-api,WARNING,database connection usage rising
2026-09-18T12:55:08+00:00,order-service,INFO,heartbeat ok
2026-09-18T12:55:08+00:00,inventory-service,INFO,heartbeat ok
2026-09-18T12:55:08+00:00,auth-service,INFO,heartbeat ok
2026-09-18T12:55:08+00:00,notification-worker,INFO,heartbeat ok
2026-09-18T12:55:38+00:00,payment-api,WARNING,database connection usage rising
2026-09-18T12:56:08+00:00,payment-api,WARNING,database connection usage rising
2026-09-18T12:56:38+00:00,payment-api,WARNING,database connection usage rising
2026-09-18T12:57:08+00:00,payment-api,WARNING,database connection usage rising
2026-09-18T12:57:08+00:00,order-service,INFO,heartbeat ok
2026-09-18T12:57:08+00:00,inventory-service,INFO,heartbeat ok
2026-09-18T12:57:08+00:00,auth-service,INFO,heartbeat ok
2026-09-18T12:57:08+00:00,notification-worker,INFO,heartbeat ok
2026-09-18T12:57:38+00:00,payment-api,WARNING,database connection usage rising
2026-09-18T12:58:08+00:00,payment-api,WARNING,database connection usage rising
2026-09-18T12:58:38+00:00,payment-api,WARNING,database connection usage rising
2026-09-18T12:59:08+00:00,payment-api,WARNING,database connection usage rising
2026-09-18T12:59:08+00:00,order-service,INFO,heartbeat ok
2026-09-18T12:59:08+00:00,inventory-service,INFO,heartbeat ok
2026-09-18T12:59:08+00:00,auth-service,INFO,heartbeat ok
2026-09-18T12:59:08+00:00,notification-worker,INFO,heartbeat ok
2026-09-18T12:59:38+00:00,payment-api,WARNING,database connection usage rising
2026-09-18T13:00:08+00:00,payment-api,WARNING,database connection usage rising
2026-09-18T13:00:38+00:00,payment-api,WARNING,database connection usage rising
2026-09-18T13:01:08+00:00,payment-api,WARNING,database connection usage rising
2026-09-18T13:01:08+00:00,order-service,INFO,heartbeat ok
2026-09-18T13:01:08+00:00,inventory-service,INFO,heartbeat ok
2026-09-18T13:01:08+00:00,auth-service,INFO,heartbeat ok
2026-09-18T13:01:08+00:00,notification-worker,INFO,heartbeat ok
2026-09-18T13:01:38+00:00,payment-api,WARNING,database connection usage rising
2026-09-18T13:01:38+00:00,order-service,INFO,request processed
2026-09-18T13:01:38+00:00,inventory-service,INFO,request processed
2026-09-18T13:01:38+00:00,auth-service,INFO,request processed
2026-09-18T13:01:38+00:00,notification-worker,INFO,request processed
2026-09-18T13:02:08+00:00,payment-api,WARNING,database connection usage rising
2026-09-18T13:02:38+00:00,payment-api,WARNING,database connection usage rising
2026-09-18T13:03:08+00:00,payment-api,WARNING,database connection usage rising
2026-09-18T13:03:08+00:00,order-service,INFO,heartbeat ok
2026-09-18T13:03:08+00:00,inventory-service,INFO,heartbeat ok
2026-09-18T13:03:08+00:00,auth-service,INFO,heartbeat ok
2026-09-18T13:03:08+00:00,notification-worker,INFO,heartbeat ok
2026-09-18T13:03:38+00:00,payment-api,WARNING,database connection usage rising
2026-09-18T13:04:08+00:00,payment-api,WARNING,database connection usage rising
2026-09-18T13:04:38+00:00,payment-api,WARNING,database connection usage rising
2026-09-18T13:05:08+00:00,payment-api,WARNING,database connection usage rising
2026-09-18T13:05:08+00:00,order-service,INFO,heartbeat ok
2026-09-18T13:05:08+00:00,inventory-service,INFO,heartbeat ok
2026-09-18T13:05:08+00:00,auth-service,INFO,heartbeat ok
2026-09-18T13:05:08+00:00,notification-worker,INFO,heartbeat ok
2026-09-18T13:07:08+00:00,payment-api,INFO,heartbeat ok
2026-09-18T13:07:08+00:00,order-service,INFO,heartbeat ok
2026-09-18T13:07:08+00:00,inventory-service,INFO,heartbeat ok
2026-09-18T13:07:08+00:00,auth-service,INFO,heartbeat ok
2026-09-18T13:07:08+00:00,notification-worker,INFO,heartbeat ok
2026-09-18T13:09:08+00:00,payment-api,INFO,heartbeat ok
2026-09-18T13:09:08+00:00,order-service,INFO,heartbeat ok
2026-09-18T13:09:08+00:00,inventory-service,INFO,heartbeat ok
2026-09-18T13:09:08+00:00,auth-service,INFO,heartbeat ok
2026-09-18T13:09:08+00:00,notification-worker,INFO,heartbeat ok
2026-09-18T13:11:08+00:00,payment-api,INFO,heartbeat ok
2026-09-18T13:11:08+00:00,order-service,INFO,heartbeat ok
2026-09-18T13:11:08+00:00,inventory-service,INFO,heartbeat ok
2026-09-18T13:11:08+00:00,auth-service,INFO,heartbeat ok
2026-09-18T13:11:08+00:00,notification-worker,INFO,heartbeat ok
2026-09-18T13:13:08+00:00,payment-api,INFO,heartbeat ok
2026-09-18T13:13:08+00:00,order-service,INFO,heartbeat ok
2026-09-18T13:13:08+00:00,inventory-service,INFO,heartbeat ok
2026-09-18T13:13:08+00:00,auth-service,INFO,heartbeat ok
2026-09-18T13:13:08+00:00,notification-worker,INFO,heartbeat ok
2026-09-18T13:15:08+00:00,payment-api,INFO,heartbeat ok
2026-09-18T13:15:08+00:00,order-service,INFO,heartbeat ok
2026-09-18T13:15:08+00:00,inventory-service,INFO,heartbeat ok
2026-09-18T13:15:08+00:00,auth-service,INFO,heartbeat ok
2026-09-18T13:15:08+00:00,notification-worker,INFO,heartbeat ok
2026-09-18T13:17:08+00:00,payment-api,INFO,heartbeat ok
2026-09-18T13:17:08+00:00,order-service,INFO,heartbeat ok
2026-09-18T13:17:08+00:00,inventory-service,INFO,heartbeat ok
2026-09-18T13:17:08+00:00,auth-service,INFO,heartbeat ok
2026-09-18T13:17:08+00:00,notification-worker,INFO,heartbeat ok
2026-09-18T13:19:08+00:00,payment-api,INFO,heartbeat ok
2026-09-18T13:19:08+00:00,order-service,INFO,heartbeat ok
2026-09-18T13:19:08+00:00,inventory-service,INFO,heartbeat ok
2026-09-18T13:19:08+00:00,auth-service,INFO,heartbeat ok
2026-09-18T13:19:08+00:00,notification-worker,INFO,heartbeat ok
2026-09-18T13:21:08+00:00,payment-api,INFO,heartbeat ok
2026-09-18T13:21:08+00:00,order-service,INFO,heartbeat ok
2026-09-18T13:21:08+00:00,inventory-service,INFO,heartbeat ok
2026-09-18T13:21:08+00:00,auth-service,INFO,heartbeat ok
2026-09-18T13:21:08+00:00,notification-worker,INFO,heartbeat ok
2026-09-18T13:23:08+00:00,payment-api,INFO,heartbeat ok
2026-09-18T13:23:08+00:00,order-service,INFO,heartbeat ok
2026-09-18T13:23:08+00:00,inventory-service,INFO,heartbeat ok
2026-09-18T13:23:08+00:00,auth-service,INFO,heartbeat ok
2026-09-18T13:23:08+00:00,notification-worker,INFO,heartbeat ok
2026-09-18T13:25:08+00:00,payment-api,INFO,heartbeat ok
2026-09-18T13:25:08+00:00,order-service,INFO,heartbeat ok
2026-09-18T13:25:08+00:00,inventory-service,INFO,heartbeat ok
2026-09-18T13:25:08+00:00,auth-service,INFO,heartbeat ok
2026-09-18T13:25:08+00:00,notification-worker,INFO,heartbeat ok
2026-09-18T13:27:08+00:00,payment-api,INFO,heartbeat ok
2026-09-18T13:27:08+00:00,order-service,INFO,heartbeat ok
2026-09-18T13:27:08+00:00,inventory-service,INFO,heartbeat ok
2026-09-18T13:27:08+00:00,auth-service,INFO,heartbeat ok
2026-09-18T13:27:08+00:00,notification-worker,INFO,heartbeat ok
2026-09-18T13:29:08+00:00,payment-api,INFO,heartbeat ok
2026-09-18T13:29:08+00:00,order-service,INFO,heartbeat ok
2026-09-18T13:29:08+00:00,inventory-service,INFO,heartbeat ok
2026-09-18T13:29:08+00:00,auth-service,INFO,heartbeat ok
2026-09-18T13:29:08+00:00,notification-worker,INFO,heartbeat ok
2026-09-18T13:31:08+00:00,payment-api,INFO,heartbeat ok
2026-09-18T13:31:08+00:00,order-service,INFO,heartbeat ok
2026-09-18T13:31:08+00:00,inventory-service,INFO,heartbeat ok
2026-09-18T13:31:08+00:00,auth-service,INFO,heartbeat ok
2026-09-18T13:31:08+00:00,notification-worker,INFO,heartbeat ok
2026-09-18T13:32:38+00:00,payment-api,INFO,request processed
2026-09-18T13:32:38+00:00,order-service,INFO,request processed
2026-09-18T13:32:38+00:00,inventory-service,INFO,request processed
2026-09-18T13:32:38+00:00,auth-service,INFO,request processed
2026-09-18T13:32:38+00:00,notification-worker,INFO,request processed
2026-09-18T13:33:08+00:00,payment-api,INFO,heartbeat ok
2026-09-18T13:33:08+00:00,order-service,INFO,heartbeat ok
2026-09-18T13:33:08+00:00,inventory-service,INFO,heartbeat ok
2026-09-18T13:33:08+00:00,auth-service,INFO,heartbeat ok
2026-09-18T13:33:08+00:00,notification-worker,INFO,heartbeat ok
2026-09-18T13:35:08+00:00,payment-api,INFO,heartbeat ok
2026-09-18T13:35:08+00:00,order-service,INFO,heartbeat ok
2026-09-18T13:35:08+00:00,inventory-service,INFO,heartbeat ok
2026-09-18T13:35:08+00:00,auth-service,INFO,heartbeat ok
2026-09-18T13:35:08+00:00,notification-worker,INFO,heartbeat ok
2026-09-18T13:37:08+00:00,payment-api,INFO,heartbeat ok
2026-09-18T13:37:08+00:00,order-service,INFO,heartbeat ok
2026-09-18T13:37:08+00:00,inventory-service,INFO,heartbeat ok
2026-09-18T13:37:08+00:00,auth-service,INFO,heartbeat ok
2026-09-18T13:37:08+00:00,notification-worker,INFO,heartbeat ok
2026-09-18T13:38:08+00:00,payment-api,WARNING,connection retry
2026-09-18T13:38:08+00:00,order-service,WARNING,connection retry
2026-09-18T13:38:08+00:00,inventory-service,WARNING,connection retry
2026-09-18T13:38:08+00:00,auth-service,WARNING,connection retry
2026-09-18T13:38:08+00:00,notification-worker,WARNING,connection retry
2026-09-18T13:39:08+00:00,payment-api,INFO,heartbeat ok
2026-09-18T13:39:08+00:00,order-service,INFO,heartbeat ok
2026-09-18T13:39:08+00:00,inventory-service,INFO,heartbeat ok
2026-09-18T13:39:08+00:00,auth-service,INFO,heartbeat ok
2026-09-18T13:39:08+00:00,notification-worker,INFO,heartbeat ok
2026-09-18T13:41:08+00:00,payment-api,INFO,heartbeat ok
2026-09-18T13:41:08+00:00,order-service,INFO,heartbeat ok
2026-09-18T13:41:08+00:00,inventory-service,INFO,heartbeat ok
2026-09-18T13:41:08+00:00,auth-service,INFO,heartbeat ok
2026-09-18T13:41:08+00:00,notification-worker,INFO,heartbeat ok
2026-09-18T13:43:08+00:00,payment-api,INFO,heartbeat ok
2026-09-18T13:43:08+00:00,order-service,INFO,heartbeat ok
2026-09-18T13:43:08+00:00,inventory-service,INFO,heartbeat ok
2026-09-18T13:43:08+00:00,auth-service,INFO,heartbeat ok
2026-09-18T13:43:08+00:00,notification-worker,INFO,heartbeat ok
2026-09-18T13:45:08+00:00,payment-api,INFO,heartbeat ok
2026-09-18T13:45:08+00:00,order-service,INFO,heartbeat ok
2026-09-18T13:45:08+00:00,inventory-service,INFO,heartbeat ok
2026-09-18T13:45:08+00:00,auth-service,INFO,heartbeat ok
2026-09-18T13:45:08+00:00,notification-worker,INFO,heartbeat ok
2026-09-18T13:45:38+00:00,order-service,WARNING,response latency increasing
2026-09-18T13:46:08+00:00,order-service,WARNING,response latency increasing
2026-09-18T13:46:38+00:00,order-service,WARNING,response latency increasing
2026-09-18T13:47:08+00:00,payment-api,INFO,heartbeat ok
2026-09-18T13:47:08+00:00,order-service,WARNING,response latency increasing
2026-09-18T13:47:08+00:00,inventory-service,INFO,heartbeat ok
2026-09-18T13:47:08+00:00,auth-service,INFO,heartbeat ok
2026-09-18T13:47:08+00:00,notification-worker,INFO,heartbeat ok
2026-09-18T13:47:38+00:00,order-service,WARNING,response latency increasing
2026-09-18T13:48:08+00:00,payment-api,INFO,request processed
2026-09-18T13:48:08+00:00,order-service,WARNING,response latency increasing
2026-09-18T13:48:08+00:00,inventory-service,INFO,request processed
2026-09-18T13:48:08+00:00,auth-service,INFO,request processed
2026-09-18T13:48:08+00:00,notification-worker,INFO,request processed
2026-09-18T13:48:38+00:00,order-service,WARNING,response latency increasing
2026-09-18T13:49:08+00:00,payment-api,INFO,heartbeat ok
2026-09-18T13:49:08+00:00,order-service,WARNING,response latency increasing
2026-09-18T13:49:08+00:00,inventory-service,INFO,heartbeat ok
2026-09-18T13:49:08+00:00,auth-service,INFO,heartbeat ok
2026-09-18T13:49:08+00:00,notification-worker,INFO,heartbeat ok
2026-09-18T13:49:38+00:00,order-service,ERROR,service unavailable
2026-09-18T13:49:38+00:00,order-service,WARNING,retry attempt
2026-09-18T13:50:08+00:00,order-service,ERROR,service unavailable
2026-09-18T13:50:08+00:00,order-service,WARNING,retry attempt
2026-09-18T13:50:38+00:00,order-service,ERROR,service unavailable
2026-09-18T13:50:38+00:00,order-service,WARNING,retry attempt
2026-09-18T13:51:08+00:00,payment-api,INFO,heartbeat ok
2026-09-18T13:51:08+00:00,order-service,ERROR,service unavailable
2026-09-18T13:51:08+00:00,order-service,WARNING,retry attempt
2026-09-18T13:51:08+00:00,inventory-service,INFO,heartbeat ok
2026-09-18T13:51:08+00:00,auth-service,INFO,heartbeat ok
2026-09-18T13:51:08+00:00,notification-worker,INFO,heartbeat ok
2026-09-18T13:51:38+00:00,order-service,ERROR,service unavailable
2026-09-18T13:51:38+00:00,order-service,WARNING,retry attempt
2026-09-18T13:52:08+00:00,order-service,ERROR,service unavailable
2026-09-18T13:52:08+00:00,order-service,WARNING,retry attempt
2026-09-18T13:52:38+00:00,order-service,ERROR,service unavailable
2026-09-18T13:52:38+00:00,order-service,WARNING,retry attempt
2026-09-18T13:53:08+00:00,payment-api,INFO,heartbeat ok
2026-09-18T13:53:08+00:00,order-service,ERROR,service unavailable
2026-09-18T13:53:08+00:00,order-service,WARNING,retry attempt
2026-09-18T13:53:08+00:00,inventory-service,INFO,heartbeat ok
2026-09-18T13:53:08+00:00,auth-service,INFO,heartbeat ok
2026-09-18T13:53:08+00:00,notification-worker,INFO,heartbeat ok
2026-09-18T13:53:38+00:00,order-service,ERROR,service unavailable
2026-09-18T13:53:38+00:00,order-service,WARNING,retry attempt
2026-09-18T13:54:08+00:00,order-service,ERROR,service unavailable
2026-09-18T13:54:08+00:00,order-service,WARNING,retry attempt
2026-09-18T13:54:38+00:00,order-service,ERROR,service unavailable
2026-09-18T13:54:38+00:00,order-service,WARNING,retry attempt
2026-09-18T13:55:08+00:00,payment-api,INFO,heartbeat ok
2026-09-18T13:55:08+00:00,order-service,ERROR,service unavailable
2026-09-18T13:55:08+00:00,order-service,WARNING,retry attempt
2026-09-18T13:55:08+00:00,inventory-service,INFO,heartbeat ok
2026-09-18T13:55:08+00:00,auth-service,INFO,heartbeat ok
2026-09-18T13:55:08+00:00,notification-worker,INFO,heartbeat ok
2026-09-18T13:55:38+00:00,order-service,ERROR,service unavailable
2026-09-18T13:55:38+00:00,order-service,WARNING,retry attempt
2026-09-18T13:56:08+00:00,order-service,ERROR,service unavailable
2026-09-18T13:56:08+00:00,order-service,WARNING,retry attempt
2026-09-18T13:56:38+00:00,order-service,ERROR,service unavailable
2026-09-18T13:56:38+00:00,order-service,WARNING,retry attempt
2026-09-18T13:57:08+00:00,payment-api,INFO,heartbeat ok
2026-09-18T13:57:08+00:00,order-service,ERROR,service unavailable
2026-09-18T13:57:08+00:00,order-service,WARNING,retry attempt
2026-09-18T13:57:08+00:00,inventory-service,INFO,heartbeat ok
2026-09-18T13:57:08+00:00,auth-service,INFO,heartbeat ok
2026-09-18T13:57:08+00:00,notification-worker,INFO,heartbeat ok
2026-09-18T13:57:38+00:00,order-service,ERROR,service unavailable
2026-09-18T13:57:38+00:00,order-service,WARNING,retry attempt
2026-09-18T13:58:08+00:00,order-service,ERROR,service unavailable
2026-09-18T13:58:08+00:00,order-service,WARNING,retry attempt
2026-09-18T13:58:38+00:00,order-service,ERROR,service unavailable
2026-09-18T13:58:38+00:00,order-service,WARNING,retry attempt
2026-09-18T13:59:08+00:00,payment-api,INFO,heartbeat ok
2026-09-18T13:59:08+00:00,order-service,ERROR,service unavailable
2026-09-18T13:59:08+00:00,order-service,WARNING,retry attempt
2026-09-18T13:59:08+00:00,inventory-service,INFO,heartbeat ok
2026-09-18T13:59:08+00:00,auth-service,INFO,heartbeat ok
2026-09-18T13:59:08+00:00,notification-worker,INFO,heartbeat ok
2026-09-18T13:59:38+00:00,order-service,ERROR,service unavailable
2026-09-18T13:59:38+00:00,order-service,WARNING,retry attempt
2026-09-18T14:00:08+00:00,order-service,ERROR,service unavailable
2026-09-18T14:00:08+00:00,order-service,WARNING,retry attempt
2026-09-18T14:00:38+00:00,order-service,ERROR,service unavailable
2026-09-18T14:00:38+00:00,order-service,WARNING,retry attempt
2026-09-18T14:01:08+00:00,payment-api,INFO,heartbeat ok
2026-09-18T14:01:08+00:00,order-service,ERROR,service unavailable
2026-09-18T14:01:08+00:00,order-service,WARNING,retry attempt
2026-09-18T14:01:08+00:00,inventory-service,INFO,heartbeat ok
2026-09-18T14:01:08+00:00,auth-service,INFO,heartbeat ok
2026-09-18T14:01:08+00:00,notification-worker,INFO,heartbeat ok
2026-09-18T14:01:38+00:00,order-service,ERROR,service unavailable
2026-09-18T14:01:38+00:00,order-service,WARNING,retry attempt
2026-09-18T14:02:08+00:00,order-service,ERROR,service unavailable
2026-09-18T14:02:08+00:00,order-service,WARNING,retry attempt
2026-09-18T14:02:38+00:00,order-service,ERROR,service unavailable
2026-09-18T14:02:38+00:00,order-service,WARNING,retry attempt
2026-09-18T14:03:08+00:00,payment-api,INFO,heartbeat ok
2026-09-18T14:03:08+00:00,order-service,ERROR,service unavailable
2026-09-18T14:03:08+00:00,order-service,WARNING,retry attempt
2026-09-18T14:03:08+00:00,inventory-service,INFO,heartbeat ok
2026-09-18T14:03:08+00:00,auth-service,INFO,heartbeat ok
2026-09-18T14:03:08+00:00,notification-worker,INFO,heartbeat ok
2026-09-18T14:03:38+00:00,payment-api,INFO,request processed
2026-09-18T14:03:38+00:00,order-service,ERROR,service unavailable
2026-09-18T14:03:38+00:00,order-service,WARNING,retry attempt
2026-09-18T14:03:38+00:00,inventory-service,INFO,request processed
2026-09-18T14:03:38+00:00,auth-service,INFO,request processed
2026-09-18T14:03:38+00:00,notification-worker,INFO,request processed
2026-09-18T14:04:08+00:00,order-service,ERROR,service unavailable
2026-09-18T14:04:08+00:00,order-service,WARNING,retry attempt
2026-09-18T14:04:38+00:00,order-service,ERROR,service unavailable
2026-09-18T14:04:38+00:00,order-service,WARNING,retry attempt
2026-09-18T14:05:08+00:00,payment-api,INFO,heartbeat ok
2026-09-18T14:05:08+00:00,order-service,ERROR,service unavailable
2026-09-18T14:05:08+00:00,order-service,WARNING,retry attempt
2026-09-18T14:05:08+00:00,inventory-service,INFO,heartbeat ok
2026-09-18T14:05:08+00:00,auth-service,INFO,heartbeat ok
2026-09-18T14:05:08+00:00,notification-worker,INFO,heartbeat ok
2026-09-18T14:07:08+00:00,payment-api,INFO,heartbeat ok
2026-09-18T14:07:08+00:00,order-service,INFO,heartbeat ok
2026-09-18T14:07:08+00:00,inventory-service,INFO,heartbeat ok
2026-09-18T14:07:08+00:00,auth-service,INFO,heartbeat ok
2026-09-18T14:07:08+00:00,notification-worker,INFO,heartbeat ok
2026-09-18T14:09:08+00:00,payment-api,INFO,heartbeat ok
2026-09-18T14:09:08+00:00,order-service,INFO,heartbeat ok
2026-09-18T14:09:08+00:00,inventory-service,INFO,heartbeat ok
2026-09-18T14:09:08+00:00,auth-service,INFO,heartbeat ok
2026-09-18T14:09:08+00:00,notification-worker,INFO,heartbeat ok
2026-09-18T14:11:08+00:00,payment-api,INFO,heartbeat ok
2026-09-18T14:11:08+00:00,order-service,INFO,heartbeat ok
2026-09-18T14:11:08+00:00,inventory-service,INFO,heartbeat ok
2026-09-18T14:11:08+00:00,auth-service,INFO,heartbeat ok
2026-09-18T14:11:08+00:00,notification-worker,INFO,heartbeat ok
2026-09-18T14:13:08+00:00,payment-api,INFO,heartbeat ok
2026-09-18T14:13:08+00:00,order-service,INFO,heartbeat ok
2026-09-18T14:13:08+00:00,inventory-service,INFO,heartbeat ok
2026-09-18T14:13:08+00:00,auth-service,INFO,heartbeat ok
2026-09-18T14:13:08+00:00,notification-worker,INFO,heartbeat ok
2026-09-18T14:15:08+00:00,payment-api,INFO,heartbeat ok
2026-09-18T14:15:08+00:00,order-service,INFO,heartbeat ok
2026-09-18T14:15:08+00:00,inventory-service,INFO,heartbeat ok
2026-09-18T14:15:08+00:00,auth-service,INFO,heartbeat ok
2026-09-18T14:15:08+00:00,notification-worker,INFO,heartbeat ok
2026-09-18T14:17:08+00:00,payment-api,INFO,heartbeat ok
2026-09-18T14:17:08+00:00,order-service,INFO,heartbeat ok
2026-09-18T14:17:08+00:00,inventory-service,INFO,heartbeat ok
2026-09-18T14:17:08+00:00,auth-service,INFO,heartbeat ok
2026-09-18T14:17:08+00:00,notification-worker,INFO,heartbeat ok
2026-09-18T14:19:08+00:00,payment-api,INFO,heartbeat ok
2026-09-18T14:19:08+00:00,order-service,INFO,heartbeat ok
2026-09-18T14:19:08+00:00,inventory-service,INFO,heartbeat ok
2026-09-18T14:19:08+00:00,auth-service,INFO,heartbeat ok
2026-09-18T14:19:08+00:00,notification-worker,INFO,heartbeat ok
2026-09-18T14:21:08+00:00,payment-api,INFO,heartbeat ok
2026-09-18T14:21:08+00:00,order-service,INFO,heartbeat ok
2026-09-18T14:21:08+00:00,inventory-service,INFO,heartbeat ok
2026-09-18T14:21:08+00:00,auth-service,INFO,heartbeat ok
2026-09-18T14:21:08+00:00,notification-worker,INFO,heartbeat ok
2026-09-18T14:21:38+00:00,payment-api,WARNING,slow query detected
2026-09-18T14:21:38+00:00,order-service,WARNING,slow query detected
2026-09-18T14:21:38+00:00,inventory-service,WARNING,slow query detected
2026-09-18T14:21:38+00:00,auth-service,WARNING,slow query detected
2026-09-18T14:21:38+00:00,notification-worker,WARNING,slow query detected
2026-09-18T14:23:08+00:00,payment-api,INFO,heartbeat ok
2026-09-18T14:23:08+00:00,order-service,INFO,heartbeat ok
2026-09-18T14:23:08+00:00,inventory-service,INFO,heartbeat ok
2026-09-18T14:23:08+00:00,auth-service,INFO,heartbeat ok
2026-09-18T14:23:08+00:00,notification-worker,INFO,heartbeat ok
2026-09-18T14:25:08+00:00,payment-api,INFO,heartbeat ok
2026-09-18T14:25:08+00:00,order-service,INFO,heartbeat ok
2026-09-18T14:25:08+00:00,inventory-service,INFO,heartbeat ok
2026-09-18T14:25:08+00:00,auth-service,INFO,heartbeat ok
2026-09-18T14:25:08+00:00,notification-worker,INFO,heartbeat ok
2026-09-18T14:27:08+00:00,payment-api,INFO,heartbeat ok
2026-09-18T14:27:08+00:00,order-service,INFO,heartbeat ok
2026-09-18T14:27:08+00:00,inventory-service,INFO,heartbeat ok
2026-09-18T14:27:08+00:00,auth-service,INFO,heartbeat ok
2026-09-18T14:27:08+00:00,notification-worker,INFO,heartbeat ok
2026-09-18T14:29:08+00:00,payment-api,INFO,heartbeat ok
2026-09-18T14:29:08+00:00,order-service,INFO,heartbeat ok
2026-09-18T14:29:08+00:00,inventory-service,INFO,heartbeat ok
2026-09-18T14:29:08+00:00,auth-service,INFO,heartbeat ok
2026-09-18T14:29:08+00:00,notification-worker,INFO,heartbeat ok
2026-09-18T14:31:08+00:00,payment-api,INFO,heartbeat ok
2026-09-18T14:31:08+00:00,order-service,INFO,heartbeat ok
2026-09-18T14:31:08+00:00,inventory-service,INFO,heartbeat ok
2026-09-18T14:31:08+00:00,auth-service,INFO,heartbeat ok
2026-09-18T14:31:08+00:00,notification-worker,INFO,heartbeat ok
2026-09-18T14:33:08+00:00,payment-api,INFO,heartbeat ok
2026-09-18T14:33:08+00:00,order-service,INFO,heartbeat ok
2026-09-18T14:33:08+00:00,inventory-service,INFO,heartbeat ok
2026-09-18T14:33:08+00:00,auth-service,INFO,heartbeat ok
2026-09-18T14:33:08+00:00,notification-worker,INFO,heartbeat ok
2026-09-18T14:34:38+00:00,payment-api,INFO,request processed
2026-09-18T14:34:38+00:00,order-service,INFO,request processed
2026-09-18T14:34:38+00:00,inventory-service,INFO,request processed
2026-09-18T14:34:38+00:00,auth-service,INFO,request processed
2026-09-18T14:34:38+00:00,notification-worker,INFO,request processed
2026-09-18T14:35:08+00:00,payment-api,INFO,heartbeat ok
2026-09-18T14:35:08+00:00,order-service,INFO,heartbeat ok
2026-09-18T14:35:08+00:00,inventory-service,INFO,heartbeat ok
2026-09-18T14:35:08+00:00,auth-service,INFO,heartbeat ok
2026-09-18T14:35:08+00:00,notification-worker,INFO,heartbeat ok
2026-09-18T14:37:08+00:00,payment-api,INFO,heartbeat ok
2026-09-18T14:37:08+00:00,order-service,INFO,heartbeat ok
2026-09-18T14:37:08+00:00,inventory-service,INFO,heartbeat ok
2026-09-18T14:37:08+00:00,auth-service,INFO,heartbeat ok
2026-09-18T14:37:08+00:00,notification-worker,INFO,heartbeat ok
2026-09-18T14:39:08+00:00,payment-api,INFO,heartbeat ok
2026-09-18T14:39:08+00:00,order-service,INFO,heartbeat ok
2026-09-18T14:39:08+00:00,inventory-service,INFO,heartbeat ok
2026-09-18T14:39:08+00:00,auth-service,INFO,heartbeat ok
2026-09-18T14:39:08+00:00,notification-worker,INFO,heartbeat ok
2026-09-18T14:41:08+00:00,payment-api,INFO,heartbeat ok
2026-09-18T14:41:08+00:00,order-service,INFO,heartbeat ok
2026-09-18T14:41:08+00:00,inventory-service,INFO,heartbeat ok
2026-09-18T14:41:08+00:00,auth-service,INFO,heartbeat ok
2026-09-18T14:41:08+00:00,notification-worker,INFO,heartbeat ok
2026-09-18T14:43:08+00:00,payment-api,INFO,heartbeat ok
2026-09-18T14:43:08+00:00,order-service,INFO,heartbeat ok
2026-09-18T14:43:08+00:00,inventory-service,INFO,heartbeat ok
2026-09-18T14:43:08+00:00,auth-service,INFO,heartbeat ok
2026-09-18T14:43:08+00:00,notification-worker,INFO,heartbeat ok
2026-09-18T14:43:38+00:00,payment-api,WARNING,connection retry
2026-09-18T14:43:38+00:00,order-service,WARNING,connection retry
2026-09-18T14:43:38+00:00,inventory-service,WARNING,connection retry
2026-09-18T14:43:38+00:00,auth-service,WARNING,connection retry
2026-09-18T14:43:38+00:00,notification-worker,WARNING,connection retry
2026-09-18T14:45:08+00:00,payment-api,INFO,heartbeat ok
2026-09-18T14:45:08+00:00,order-service,INFO,heartbeat ok
2026-09-18T14:45:08+00:00,inventory-service,INFO,heartbeat ok
2026-09-18T14:45:08+00:00,auth-service,INFO,heartbeat ok
2026-09-18T14:45:08+00:00,notification-worker,INFO,heartbeat ok
2026-09-18T14:47:08+00:00,payment-api,INFO,heartbeat ok
2026-09-18T14:47:08+00:00,order-service,INFO,heartbeat ok
2026-09-18T14:47:08+00:00,inventory-service,INFO,heartbeat ok
2026-09-18T14:47:08+00:00,auth-service,INFO,heartbeat ok
2026-09-18T14:47:08+00:00,notification-worker,INFO,heartbeat ok
2026-09-18T14:49:08+00:00,payment-api,INFO,heartbeat ok
2026-09-18T14:49:08+00:00,order-service,INFO,heartbeat ok
2026-09-18T14:49:08+00:00,inventory-service,INFO,heartbeat ok
2026-09-18T14:49:08+00:00,auth-service,INFO,heartbeat ok
2026-09-18T14:49:08+00:00,notification-worker,INFO,heartbeat ok
2026-09-18T14:50:08+00:00,payment-api,INFO,request processed
2026-09-18T14:50:08+00:00,order-service,INFO,request processed
2026-09-18T14:50:08+00:00,inventory-service,INFO,request processed
2026-09-18T14:50:08+00:00,auth-service,INFO,request processed
2026-09-18T14:50:08+00:00,notification-worker,INFO,request processed
2026-09-18T14:51:08+00:00,payment-api,INFO,heartbeat ok
2026-09-18T14:51:08+00:00,order-service,INFO,heartbeat ok
2026-09-18T14:51:08+00:00,inventory-service,INFO,heartbeat ok
2026-09-18T14:51:08+00:00,auth-service,INFO,heartbeat ok
2026-09-18T14:51:08+00:00,notification-worker,INFO,heartbeat ok
2026-09-18T14:53:08+00:00,payment-api,INFO,heartbeat ok
2026-09-18T14:53:08+00:00,order-service,INFO,heartbeat ok
2026-09-18T14:53:08+00:00,inventory-service,INFO,heartbeat ok
2026-09-18T14:53:08+00:00,auth-service,INFO,heartbeat ok
2026-09-18T14:53:08+00:00,notification-worker,INFO,heartbeat ok
2026-09-18T14:55:08+00:00,payment-api,INFO,heartbeat ok
2026-09-18T14:55:08+00:00,order-service,INFO,heartbeat ok
2026-09-18T14:55:08+00:00,inventory-service,INFO,heartbeat ok
2026-09-18T14:55:08+00:00,auth-service,INFO,heartbeat ok
2026-09-18T14:55:08+00:00,notification-worker,INFO,heartbeat ok
2026-09-18T14:57:08+00:00,payment-api,INFO,heartbeat ok
2026-09-18T14:57:08+00:00,order-service,INFO,heartbeat ok
2026-09-18T14:57:08+00:00,inventory-service,INFO,heartbeat ok
2026-09-18T14:57:08+00:00,auth-service,INFO,heartbeat ok
2026-09-18T14:57:08+00:00,notification-worker,INFO,heartbeat ok
2026-09-18T14:59:08+00:00,payment-api,INFO,heartbeat ok
2026-09-18T14:59:08+00:00,order-service,INFO,heartbeat ok
2026-09-18T14:59:08+00:00,inventory-service,INFO,heartbeat ok
2026-09-18T14:59:08+00:00,auth-service,INFO,heartbeat ok
2026-09-18T14:59:08+00:00,notification-worker,INFO,heartbeat ok
2026-09-18T15:01:08+00:00,payment-api,INFO,heartbeat ok
2026-09-18T15:01:08+00:00,order-service,INFO,heartbeat ok
2026-09-18T15:01:08+00:00,inventory-service,INFO,heartbeat ok
2026-09-18T15:01:08+00:00,auth-service,INFO,heartbeat ok
2026-09-18T15:01:08+00:00,notification-worker,INFO,heartbeat ok
2026-09-18T15:03:08+00:00,payment-api,INFO,heartbeat ok
2026-09-18T15:03:08+00:00,order-service,INFO,heartbeat ok
2026-09-18T15:03:08+00:00,inventory-service,INFO,heartbeat ok
2026-09-18T15:03:08+00:00,auth-service,INFO,heartbeat ok
2026-09-18T15:03:08+00:00,notification-worker,INFO,heartbeat ok
2026-09-18T15:05:08+00:00,payment-api,INFO,heartbeat ok
2026-09-18T15:05:08+00:00,order-service,INFO,heartbeat ok
2026-09-18T15:05:08+00:00,inventory-service,INFO,heartbeat ok
2026-09-18T15:05:08+00:00,auth-service,INFO,heartbeat ok
2026-09-18T15:05:08+00:00,notification-worker,INFO,heartbeat ok
2026-09-18T15:05:38+00:00,payment-api,INFO,request processed
2026-09-18T15:05:38+00:00,order-service,INFO,request processed
2026-09-18T15:05:38+00:00,inventory-service,INFO,request processed
2026-09-18T15:05:38+00:00,auth-service,INFO,request processed
2026-09-18T15:05:38+00:00,notification-worker,WARNING,network flapping detected
2026-09-18T15:06:08+00:00,notification-worker,WARNING,retry attempt
2026-09-18T15:06:08+00:00,notification-worker,ERROR,connection timeout
2026-09-18T15:06:38+00:00,notification-worker,WARNING,retry attempt
2026-09-18T15:06:38+00:00,notification-worker,ERROR,connection timeout
2026-09-18T15:07:08+00:00,payment-api,INFO,heartbeat ok
2026-09-18T15:07:08+00:00,order-service,INFO,heartbeat ok
2026-09-18T15:07:08+00:00,inventory-service,INFO,heartbeat ok
2026-09-18T15:07:08+00:00,auth-service,INFO,heartbeat ok
2026-09-18T15:07:08+00:00,notification-worker,WARNING,retry attempt
2026-09-18T15:07:08+00:00,notification-worker,ERROR,connection timeout
2026-09-18T15:07:38+00:00,notification-worker,WARNING,retry attempt
2026-09-18T15:07:38+00:00,notification-worker,ERROR,connection timeout
2026-09-18T15:08:08+00:00,notification-worker,WARNING,network flapping detected
2026-09-18T15:08:38+00:00,notification-worker,WARNING,network flapping detected
2026-09-18T15:09:08+00:00,payment-api,INFO,heartbeat ok
2026-09-18T15:09:08+00:00,order-service,INFO,heartbeat ok
2026-09-18T15:09:08+00:00,inventory-service,INFO,heartbeat ok
2026-09-18T15:09:08+00:00,auth-service,INFO,heartbeat ok
2026-09-18T15:09:08+00:00,notification-worker,WARNING,network flapping detected
2026-09-18T15:09:38+00:00,notification-worker,WARNING,network flapping detected
2026-09-18T15:10:08+00:00,payment-api,WARNING,slow query detected
2026-09-18T15:10:08+00:00,order-service,WARNING,slow query detected
2026-09-18T15:10:08+00:00,inventory-service,WARNING,slow query detected
2026-09-18T15:10:08+00:00,auth-service,WARNING,slow query detected
2026-09-18T15:10:08+00:00,notification-worker,WARNING,network flapping detected
2026-09-18T15:10:38+00:00,notification-worker,WARNING,retry attempt
2026-09-18T15:10:38+00:00,notification-worker,ERROR,connection timeout
2026-09-18T15:11:08+00:00,payment-api,INFO,heartbeat ok
2026-09-18T15:11:08+00:00,order-service,INFO,heartbeat ok
2026-09-18T15:11:08+00:00,inventory-service,INFO,heartbeat ok
2026-09-18T15:11:08+00:00,auth-service,INFO,heartbeat ok
2026-09-18T15:11:08+00:00,notification-worker,WARNING,retry attempt
2026-09-18T15:11:08+00:00,notification-worker,ERROR,connection timeout
2026-09-18T15:11:38+00:00,notification-worker,WARNING,retry attempt
2026-09-18T15:11:38+00:00,notification-worker,ERROR,connection timeout
2026-09-18T15:12:08+00:00,notification-worker,WARNING,retry attempt
2026-09-18T15:12:08+00:00,notification-worker,ERROR,connection timeout
2026-09-18T15:12:38+00:00,notification-worker,WARNING,retry attempt
2026-09-18T15:12:38+00:00,notification-worker,ERROR,connection timeout
2026-09-18T15:13:08+00:00,payment-api,INFO,heartbeat ok
2026-09-18T15:13:08+00:00,order-service,INFO,heartbeat ok
2026-09-18T15:13:08+00:00,inventory-service,INFO,heartbeat ok
2026-09-18T15:13:08+00:00,auth-service,INFO,heartbeat ok
2026-09-18T15:13:08+00:00,notification-worker,WARNING,network flapping detected
2026-09-18T15:13:38+00:00,notification-worker,WARNING,network flapping detected
2026-09-18T15:14:08+00:00,notification-worker,WARNING,network flapping detected
2026-09-18T15:14:38+00:00,notification-worker,WARNING,network flapping detected
2026-09-18T15:15:08+00:00,payment-api,INFO,heartbeat ok
2026-09-18T15:15:08+00:00,order-service,INFO,heartbeat ok
2026-09-18T15:15:08+00:00,inventory-service,INFO,heartbeat ok
2026-09-18T15:15:08+00:00,auth-service,INFO,heartbeat ok
2026-09-18T15:15:08+00:00,notification-worker,WARNING,network flapping detected
2026-09-18T15:15:38+00:00,notification-worker,WARNING,retry attempt
2026-09-18T15:15:38+00:00,notification-worker,ERROR,connection timeout
2026-09-18T15:16:08+00:00,notification-worker,WARNING,retry attempt
2026-09-18T15:16:08+00:00,notification-worker,ERROR,connection timeout
2026-09-18T15:16:38+00:00,notification-worker,WARNING,retry attempt
2026-09-18T15:16:38+00:00,notification-worker,ERROR,connection timeout
2026-09-18T15:17:08+00:00,payment-api,INFO,heartbeat ok
2026-09-18T15:17:08+00:00,order-service,INFO,heartbeat ok
2026-09-18T15:17:08+00:00,inventory-service,INFO,heartbeat ok
2026-09-18T15:17:08+00:00,auth-service,INFO,heartbeat ok
2026-09-18T15:17:08+00:00,notification-worker,WARNING,retry attempt
2026-09-18T15:17:08+00:00,notification-worker,ERROR,connection timeout
2026-09-18T15:17:38+00:00,notification-worker,WARNING,retry attempt
2026-09-18T15:17:38+00:00,notification-worker,ERROR,connection timeout
2026-09-18T15:18:08+00:00,notification-worker,WARNING,network flapping detected
2026-09-18T15:18:38+00:00,notification-worker,WARNING,network flapping detected
2026-09-18T15:19:08+00:00,payment-api,INFO,heartbeat ok
2026-09-18T15:19:08+00:00,order-service,INFO,heartbeat ok
2026-09-18T15:19:08+00:00,inventory-service,INFO,heartbeat ok
2026-09-18T15:19:08+00:00,auth-service,INFO,heartbeat ok
2026-09-18T15:19:08+00:00,notification-worker,WARNING,network flapping detected
2026-09-18T15:19:38+00:00,notification-worker,WARNING,network flapping detected
2026-09-18T15:20:08+00:00,notification-worker,WARNING,network flapping detected
2026-09-18T15:20:38+00:00,notification-worker,WARNING,retry attempt
2026-09-18T15:20:38+00:00,notification-worker,ERROR,connection timeout
2026-09-18T15:21:08+00:00,payment-api,INFO,heartbeat ok
2026-09-18T15:21:08+00:00,order-service,INFO,heartbeat ok
2026-09-18T15:21:08+00:00,inventory-service,INFO,heartbeat ok
2026-09-18T15:21:08+00:00,auth-service,INFO,heartbeat ok
2026-09-18T15:21:08+00:00,notification-worker,WARNING,retry attempt
2026-09-18T15:21:08+00:00,notification-worker,ERROR,connection timeout
2026-09-18T15:21:38+00:00,notification-worker,WARNING,retry attempt
2026-09-18T15:21:38+00:00,notification-worker,ERROR,connection timeout
2026-09-18T15:22:08+00:00,notification-worker,WARNING,retry attempt
2026-09-18T15:22:08+00:00,notification-worker,ERROR,connection timeout
2026-09-18T15:22:38+00:00,notification-worker,WARNING,network flapping detected
2026-09-18T15:23:08+00:00,payment-api,INFO,heartbeat ok
2026-09-18T15:23:08+00:00,order-service,INFO,heartbeat ok
2026-09-18T15:23:08+00:00,inventory-service,INFO,heartbeat ok
2026-09-18T15:23:08+00:00,auth-service,INFO,heartbeat ok
2026-09-18T15:23:08+00:00,notification-worker,WARNING,network flapping detected
2026-09-18T15:23:38+00:00,notification-worker,WARNING,network flapping detected
2026-09-18T15:24:08+00:00,notification-worker,WARNING,network flapping detected
2026-09-18T15:24:38+00:00,notification-worker,WARNING,network flapping detected
2026-09-18T15:25:08+00:00,payment-api,INFO,heartbeat ok
2026-09-18T15:25:08+00:00,order-service,INFO,heartbeat ok
2026-09-18T15:25:08+00:00,inventory-service,INFO,heartbeat ok
2026-09-18T15:25:08+00:00,auth-service,INFO,heartbeat ok
2026-09-18T15:25:08+00:00,notification-worker,WARNING,retry attempt
2026-09-18T15:25:08+00:00,notification-worker,ERROR,connection timeout
2026-09-18T15:25:38+00:00,notification-worker,WARNING,retry attempt
2026-09-18T15:25:38+00:00,notification-worker,ERROR,connection timeout
2026-09-18T15:26:08+00:00,notification-worker,WARNING,retry attempt
2026-09-18T15:26:08+00:00,notification-worker,ERROR,connection timeout
2026-09-18T15:26:38+00:00,notification-worker,WARNING,retry attempt
2026-09-18T15:26:38+00:00,notification-worker,ERROR,connection timeout
2026-09-18T15:27:08+00:00,payment-api,INFO,heartbeat ok
2026-09-18T15:27:08+00:00,order-service,INFO,heartbeat ok
2026-09-18T15:27:08+00:00,inventory-service,INFO,heartbeat ok
2026-09-18T15:27:08+00:00,auth-service,INFO,heartbeat ok
2026-09-18T15:27:08+00:00,notification-worker,WARNING,retry attempt
2026-09-18T15:27:08+00:00,notification-worker,ERROR,connection timeout
2026-09-18T15:27:38+00:00,notification-worker,WARNING,network flapping detected
2026-09-18T15:28:08+00:00,notification-worker,WARNING,network flapping detected
2026-09-18T15:28:38+00:00,notification-worker,WARNING,network flapping detected
2026-09-18T15:29:08+00:00,payment-api,INFO,heartbeat ok
2026-09-18T15:29:08+00:00,order-service,INFO,heartbeat ok
2026-09-18T15:29:08+00:00,inventory-service,INFO,heartbeat ok
2026-09-18T15:29:08+00:00,auth-service,INFO,heartbeat ok
2026-09-18T15:29:08+00:00,notification-worker,WARNING,network flapping detected
2026-09-18T15:29:38+00:00,notification-worker,WARNING,network flapping detected
2026-09-18T15:30:08+00:00,notification-worker,WARNING,retry attempt
2026-09-18T15:30:08+00:00,notification-worker,ERROR,connection timeout
2026-09-18T15:31:08+00:00,payment-api,INFO,heartbeat ok
2026-09-18T15:31:08+00:00,order-service,INFO,heartbeat ok
2026-09-18T15:31:08+00:00,inventory-service,INFO,heartbeat ok
2026-09-18T15:31:08+00:00,auth-service,INFO,heartbeat ok
2026-09-18T15:31:08+00:00,notification-worker,INFO,heartbeat ok
2026-09-18T15:33:08+00:00,payment-api,INFO,heartbeat ok
2026-09-18T15:33:08+00:00,order-service,INFO,heartbeat ok
2026-09-18T15:33:08+00:00,inventory-service,INFO,heartbeat ok
2026-09-18T15:33:08+00:00,auth-service,INFO,heartbeat ok
2026-09-18T15:33:08+00:00,notification-worker,INFO,heartbeat ok
2026-09-18T15:35:08+00:00,payment-api,INFO,heartbeat ok
2026-09-18T15:35:08+00:00,order-service,INFO,heartbeat ok
2026-09-18T15:35:08+00:00,inventory-service,INFO,heartbeat ok
2026-09-18T15:35:08+00:00,auth-service,INFO,heartbeat ok
2026-09-18T15:35:08+00:00,notification-worker,INFO,heartbeat ok
2026-09-18T15:36:38+00:00,payment-api,INFO,request processed
2026-09-18T15:36:38+00:00,order-service,INFO,request processed
2026-09-18T15:36:38+00:00,inventory-service,INFO,request processed
2026-09-18T15:36:38+00:00,auth-service,INFO,request processed
2026-09-18T15:36:38+00:00,notification-worker,INFO,request processed
2026-09-18T15:37:08+00:00,payment-api,INFO,heartbeat ok
2026-09-18T15:37:08+00:00,order-service,INFO,heartbeat ok
2026-09-18T15:37:08+00:00,inventory-service,INFO,heartbeat ok
2026-09-18T15:37:08+00:00,auth-service,INFO,heartbeat ok
2026-09-18T15:37:08+00:00,notification-worker,INFO,heartbeat ok
2026-09-18T15:39:08+00:00,payment-api,INFO,heartbeat ok
2026-09-18T15:39:08+00:00,order-service,INFO,heartbeat ok
2026-09-18T15:39:08+00:00,inventory-service,INFO,heartbeat ok
2026-09-18T15:39:08+00:00,auth-service,INFO,heartbeat ok
2026-09-18T15:39:08+00:00,notification-worker,INFO,heartbeat ok
2026-09-18T15:41:08+00:00,payment-api,INFO,heartbeat ok
2026-09-18T15:41:08+00:00,order-service,INFO,heartbeat ok
2026-09-18T15:41:08+00:00,inventory-service,INFO,heartbeat ok
2026-09-18T15:41:08+00:00,auth-service,INFO,heartbeat ok
2026-09-18T15:41:08+00:00,notification-worker,INFO,heartbeat ok
2026-09-18T15:43:08+00:00,payment-api,INFO,heartbeat ok
2026-09-18T15:43:08+00:00,order-service,INFO,heartbeat ok
2026-09-18T15:43:08+00:00,inventory-service,INFO,heartbeat ok
2026-09-18T15:43:08+00:00,auth-service,INFO,heartbeat ok
2026-09-18T15:43:08+00:00,notification-worker,INFO,heartbeat ok
2026-09-18T15:45:08+00:00,payment-api,INFO,heartbeat ok
2026-09-18T15:45:08+00:00,order-service,INFO,heartbeat ok
2026-09-18T15:45:08+00:00,inventory-service,INFO,heartbeat ok
2026-09-18T15:45:08+00:00,auth-service,INFO,heartbeat ok
2026-09-18T15:45:08+00:00,notification-worker,INFO,heartbeat ok
2026-09-18T15:47:08+00:00,payment-api,INFO,heartbeat ok
2026-09-18T15:47:08+00:00,order-service,INFO,heartbeat ok
2026-09-18T15:47:08+00:00,inventory-service,INFO,heartbeat ok
2026-09-18T15:47:08+00:00,auth-service,INFO,heartbeat ok
2026-09-18T15:47:08+00:00,notification-worker,INFO,heartbeat ok
2026-09-18T15:49:08+00:00,payment-api,INFO,heartbeat ok
2026-09-18T15:49:08+00:00,order-service,INFO,heartbeat ok
2026-09-18T15:49:08+00:00,inventory-service,INFO,heartbeat ok
2026-09-18T15:49:08+00:00,auth-service,INFO,heartbeat ok
2026-09-18T15:49:08+00:00,notification-worker,INFO,heartbeat ok
2026-09-18T15:51:08+00:00,payment-api,INFO,heartbeat ok
2026-09-18T15:51:08+00:00,order-service,INFO,heartbeat ok
2026-09-18T15:51:08+00:00,inventory-service,INFO,heartbeat ok
2026-09-18T15:51:08+00:00,auth-service,INFO,heartbeat ok
2026-09-18T15:51:08+00:00,notification-worker,INFO,heartbeat ok
2026-09-18T15:52:08+00:00,payment-api,INFO,request processed
2026-09-18T15:52:08+00:00,order-service,INFO,request processed
2026-09-18T15:52:08+00:00,inventory-service,INFO,request processed
2026-09-18T15:52:08+00:00,auth-service,INFO,request processed
2026-09-18T15:52:08+00:00,notification-worker,INFO,request processed
2026-09-18T15:52:38+00:00,payment-api,ERROR,temporary upstream timeout
2026-09-18T15:52:38+00:00,order-service,ERROR,temporary upstream timeout
2026-09-18T15:52:38+00:00,inventory-service,ERROR,temporary upstream timeout
2026-09-18T15:52:38+00:00,auth-service,ERROR,temporary upstream timeout
2026-09-18T15:52:38+00:00,notification-worker,ERROR,temporary upstream timeout
2026-09-18T15:53:08+00:00,payment-api,INFO,heartbeat ok
2026-09-18T15:53:08+00:00,order-service,INFO,heartbeat ok
2026-09-18T15:53:08+00:00,inventory-service,INFO,heartbeat ok
2026-09-18T15:53:08+00:00,auth-service,INFO,heartbeat ok
2026-09-18T15:53:08+00:00,notification-worker,INFO,heartbeat ok
2026-09-18T15:55:08+00:00,payment-api,INFO,heartbeat ok
2026-09-18T15:55:08+00:00,order-service,INFO,heartbeat ok
2026-09-18T15:55:08+00:00,inventory-service,INFO,heartbeat ok
2026-09-18T15:55:08+00:00,auth-service,INFO,heartbeat ok
2026-09-18T15:55:08+00:00,notification-worker,INFO,heartbeat ok
2026-09-18T15:57:08+00:00,payment-api,INFO,heartbeat ok
2026-09-18T15:57:08+00:00,order-service,INFO,heartbeat ok
2026-09-18T15:57:08+00:00,inventory-service,INFO,heartbeat ok
2026-09-18T15:57:08+00:00,auth-service,INFO,heartbeat ok
2026-09-18T15:57:08+00:00,notification-worker,INFO,heartbeat ok
2026-09-18T15:58:38+00:00,payment-api,WARNING,slow query detected
2026-09-18T15:58:38+00:00,order-service,WARNING,slow query detected
2026-09-18T15:58:38+00:00,inventory-service,WARNING,slow query detected
2026-09-18T15:58:38+00:00,auth-service,WARNING,slow query detected
2026-09-18T15:58:38+00:00,notification-worker,WARNING,slow query detected
2026-09-18T15:59:08+00:00,payment-api,INFO,heartbeat ok
2026-09-18T15:59:08+00:00,order-service,INFO,heartbeat ok
2026-09-18T15:59:08+00:00,inventory-service,INFO,heartbeat ok
2026-09-18T15:59:08+00:00,auth-service,INFO,heartbeat ok
2026-09-18T15:59:08+00:00,notification-worker,INFO,heartbeat ok
2026-09-18T16:01:08+00:00,payment-api,INFO,heartbeat ok
2026-09-18T16:01:08+00:00,order-service,INFO,heartbeat ok
2026-09-18T16:01:08+00:00,inventory-service,INFO,heartbeat ok
2026-09-18T16:01:08+00:00,auth-service,INFO,heartbeat ok
2026-09-18T16:01:08+00:00,notification-worker,INFO,heartbeat ok
2026-09-18T16:03:08+00:00,payment-api,INFO,heartbeat ok
2026-09-18T16:03:08+00:00,order-service,INFO,heartbeat ok
2026-09-18T16:03:08+00:00,inventory-service,INFO,heartbeat ok
2026-09-18T16:03:08+00:00,auth-service,INFO,heartbeat ok
2026-09-18T16:03:08+00:00,notification-worker,INFO,heartbeat ok
2026-09-18T16:05:08+00:00,payment-api,INFO,heartbeat ok
2026-09-18T16:05:08+00:00,order-service,INFO,heartbeat ok
2026-09-18T16:05:08+00:00,inventory-service,INFO,heartbeat ok
2026-09-18T16:05:08+00:00,auth-service,INFO,heartbeat ok
2026-09-18T16:05:08+00:00,notification-worker,INFO,heartbeat ok
2026-09-18T16:07:08+00:00,payment-api,INFO,heartbeat ok
2026-09-18T16:07:08+00:00,order-service,INFO,heartbeat ok
2026-09-18T16:07:08+00:00,auth-service,INFO,heartbeat ok
2026-09-18T16:07:08+00:00,notification-worker,INFO,heartbeat ok
2026-09-18T16:07:38+00:00,payment-api,INFO,request processed
2026-09-18T16:07:38+00:00,order-service,INFO,request processed
2026-09-18T16:07:38+00:00,auth-service,INFO,request processed
2026-09-18T16:07:38+00:00,notification-worker,INFO,request processed
2026-09-18T16:09:08+00:00,payment-api,INFO,heartbeat ok
2026-09-18T16:09:08+00:00,order-service,INFO,heartbeat ok
2026-09-18T16:09:08+00:00,auth-service,INFO,heartbeat ok
2026-09-18T16:09:08+00:00,notification-worker,INFO,heartbeat ok
2026-09-18T16:11:08+00:00,payment-api,INFO,heartbeat ok
2026-09-18T16:11:08+00:00,order-service,INFO,heartbeat ok
2026-09-18T16:11:08+00:00,auth-service,INFO,heartbeat ok
2026-09-18T16:11:08+00:00,notification-worker,INFO,heartbeat ok
2026-09-18T16:13:08+00:00,payment-api,INFO,heartbeat ok
2026-09-18T16:13:08+00:00,order-service,INFO,heartbeat ok
2026-09-18T16:13:08+00:00,auth-service,INFO,heartbeat ok
2026-09-18T16:13:08+00:00,notification-worker,INFO,heartbeat ok
2026-09-18T16:15:08+00:00,payment-api,INFO,heartbeat ok
2026-09-18T16:15:08+00:00,order-service,INFO,heartbeat ok
2026-09-18T16:15:08+00:00,auth-service,INFO,heartbeat ok
2026-09-18T16:15:08+00:00,notification-worker,INFO,heartbeat ok
2026-09-18T16:17:08+00:00,payment-api,INFO,heartbeat ok
2026-09-18T16:17:08+00:00,order-service,INFO,heartbeat ok
2026-09-18T16:17:08+00:00,auth-service,INFO,heartbeat ok
2026-09-18T16:17:08+00:00,notification-worker,INFO,heartbeat ok
2026-09-18T16:19:08+00:00,payment-api,INFO,heartbeat ok
2026-09-18T16:19:08+00:00,order-service,INFO,heartbeat ok
2026-09-18T16:19:08+00:00,auth-service,INFO,heartbeat ok
2026-09-18T16:19:08+00:00,notification-worker,INFO,heartbeat ok
2026-09-18T16:21:08+00:00,payment-api,INFO,heartbeat ok
2026-09-18T16:21:08+00:00,order-service,INFO,heartbeat ok
2026-09-18T16:21:08+00:00,auth-service,INFO,heartbeat ok
2026-09-18T16:21:08+00:00,notification-worker,INFO,heartbeat ok
2026-09-18T16:23:08+00:00,payment-api,INFO,heartbeat ok
2026-09-18T16:23:08+00:00,order-service,INFO,heartbeat ok
2026-09-18T16:23:08+00:00,auth-service,INFO,heartbeat ok
2026-09-18T16:23:08+00:00,notification-worker,INFO,heartbeat ok
2026-09-18T16:25:08+00:00,payment-api,INFO,heartbeat ok
2026-09-18T16:25:08+00:00,order-service,INFO,heartbeat ok
2026-09-18T16:25:08+00:00,auth-service,INFO,heartbeat ok
2026-09-18T16:25:08+00:00,notification-worker,INFO,heartbeat ok
2026-09-18T16:27:08+00:00,payment-api,INFO,heartbeat ok
2026-09-18T16:27:08+00:00,order-service,INFO,heartbeat ok
2026-09-18T16:27:08+00:00,auth-service,INFO,heartbeat ok
2026-09-18T16:27:08+00:00,notification-worker,INFO,heartbeat ok
2026-09-18T16:29:08+00:00,payment-api,INFO,heartbeat ok
2026-09-18T16:29:08+00:00,order-service,INFO,heartbeat ok
2026-09-18T16:29:08+00:00,auth-service,INFO,heartbeat ok
2026-09-18T16:29:08+00:00,notification-worker,INFO,heartbeat ok
2026-09-18T16:31:08+00:00,payment-api,INFO,heartbeat ok
2026-09-18T16:31:08+00:00,order-service,INFO,heartbeat ok
2026-09-18T16:31:08+00:00,auth-service,INFO,heartbeat ok
2026-09-18T16:31:08+00:00,notification-worker,INFO,heartbeat ok
2026-09-18T16:33:08+00:00,payment-api,INFO,heartbeat ok
2026-09-18T16:33:08+00:00,order-service,INFO,heartbeat ok
2026-09-18T16:33:08+00:00,auth-service,INFO,heartbeat ok
2026-09-18T16:33:08+00:00,notification-worker,INFO,heartbeat ok
2026-09-18T16:35:08+00:00,payment-api,INFO,heartbeat ok
2026-09-18T16:35:08+00:00,order-service,INFO,heartbeat ok
2026-09-18T16:35:08+00:00,auth-service,INFO,heartbeat ok
2026-09-18T16:35:08+00:00,notification-worker,INFO,heartbeat ok
2026-09-18T16:37:08+00:00,payment-api,INFO,heartbeat ok
2026-09-18T16:37:08+00:00,order-service,INFO,heartbeat ok
2026-09-18T16:37:08+00:00,auth-service,INFO,heartbeat ok
2026-09-18T16:37:08+00:00,notification-worker,INFO,heartbeat ok
2026-09-18T16:38:38+00:00,payment-api,INFO,request processed
2026-09-18T16:38:38+00:00,order-service,INFO,request processed
2026-09-18T16:38:38+00:00,auth-service,INFO,request processed
2026-09-18T16:38:38+00:00,notification-worker,INFO,request processed
2026-09-18T16:39:08+00:00,payment-api,INFO,heartbeat ok
2026-09-18T16:39:08+00:00,order-service,INFO,heartbeat ok
2026-09-18T16:39:08+00:00,auth-service,INFO,heartbeat ok
2026-09-18T16:39:08+00:00,notification-worker,INFO,heartbeat ok
2026-09-18T16:41:08+00:00,payment-api,INFO,heartbeat ok
2026-09-18T16:41:08+00:00,order-service,INFO,heartbeat ok
2026-09-18T16:41:08+00:00,auth-service,INFO,heartbeat ok
2026-09-18T16:41:08+00:00,notification-worker,INFO,heartbeat ok
2026-09-18T16:43:08+00:00,payment-api,INFO,heartbeat ok
2026-09-18T16:43:08+00:00,order-service,INFO,heartbeat ok
2026-09-18T16:43:08+00:00,auth-service,INFO,heartbeat ok
2026-09-18T16:43:08+00:00,notification-worker,INFO,heartbeat ok
2026-09-18T16:45:08+00:00,payment-api,INFO,heartbeat ok
2026-09-18T16:45:08+00:00,order-service,INFO,heartbeat ok
2026-09-18T16:45:08+00:00,auth-service,INFO,heartbeat ok
2026-09-18T16:45:08+00:00,notification-worker,INFO,heartbeat ok
2026-09-18T16:47:08+00:00,payment-api,INFO,heartbeat ok
2026-09-18T16:47:08+00:00,order-service,INFO,heartbeat ok
2026-09-18T16:47:08+00:00,auth-service,INFO,heartbeat ok
2026-09-18T16:47:08+00:00,notification-worker,INFO,heartbeat ok
2026-09-18T16:49:08+00:00,payment-api,INFO,heartbeat ok
2026-09-18T16:49:08+00:00,order-service,INFO,heartbeat ok
2026-09-18T16:49:08+00:00,auth-service,INFO,heartbeat ok
2026-09-18T16:49:08+00:00,notification-worker,INFO,heartbeat ok
2026-09-18T16:51:08+00:00,payment-api,INFO,heartbeat ok
2026-09-18T16:51:08+00:00,order-service,INFO,heartbeat ok
2026-09-18T16:51:08+00:00,auth-service,INFO,heartbeat ok
2026-09-18T16:51:08+00:00,notification-worker,INFO,heartbeat ok
2026-09-18T16:53:08+00:00,payment-api,INFO,heartbeat ok
2026-09-18T16:53:08+00:00,order-service,INFO,heartbeat ok
2026-09-18T16:53:08+00:00,auth-service,INFO,heartbeat ok
2026-09-18T16:53:08+00:00,notification-worker,INFO,heartbeat ok
2026-09-18T16:54:08+00:00,payment-api,INFO,request processed
2026-09-18T16:54:08+00:00,order-service,INFO,request processed
2026-09-18T16:54:08+00:00,auth-service,INFO,request processed
2026-09-18T16:54:08+00:00,notification-worker,INFO,request processed
2026-09-18T16:54:38+00:00,payment-api,WARNING,connection retry
2026-09-18T16:54:38+00:00,order-service,WARNING,connection retry
2026-09-18T16:54:38+00:00,auth-service,WARNING,connection retry
2026-09-18T16:54:38+00:00,notification-worker,WARNING,connection retry
2026-09-18T16:55:08+00:00,payment-api,INFO,heartbeat ok
2026-09-18T16:55:08+00:00,order-service,INFO,heartbeat ok
2026-09-18T16:55:08+00:00,auth-service,INFO,heartbeat ok
2026-09-18T16:55:08+00:00,notification-worker,INFO,heartbeat ok
2026-09-18T16:55:38+00:00,inventory-service,WARNING,disk utilization high
2026-09-18T16:56:08+00:00,inventory-service,WARNING,disk utilization high
2026-09-18T16:56:38+00:00,inventory-service,WARNING,disk utilization high
2026-09-18T16:57:08+00:00,payment-api,INFO,heartbeat ok
2026-09-18T16:57:08+00:00,order-service,INFO,heartbeat ok
2026-09-18T16:57:08+00:00,inventory-service,WARNING,disk utilization high
2026-09-18T16:57:08+00:00,auth-service,INFO,heartbeat ok
2026-09-18T16:57:08+00:00,notification-worker,INFO,heartbeat ok
2026-09-18T16:57:38+00:00,inventory-service,WARNING,disk utilization high
2026-09-18T16:58:08+00:00,inventory-service,WARNING,disk utilization high
2026-09-18T16:58:38+00:00,inventory-service,WARNING,disk utilization high
2026-09-18T16:59:08+00:00,payment-api,INFO,heartbeat ok
2026-09-18T16:59:08+00:00,order-service,INFO,heartbeat ok
2026-09-18T16:59:08+00:00,inventory-service,WARNING,disk utilization high
2026-09-18T16:59:08+00:00,auth-service,INFO,heartbeat ok
2026-09-18T16:59:08+00:00,notification-worker,INFO,heartbeat ok
2026-09-18T16:59:38+00:00,inventory-service,WARNING,disk utilization high
2026-09-18T17:00:08+00:00,inventory-service,WARNING,disk utilization high
2026-09-18T17:00:38+00:00,inventory-service,WARNING,disk utilization high
2026-09-18T17:01:08+00:00,payment-api,INFO,heartbeat ok
2026-09-18T17:01:08+00:00,order-service,INFO,heartbeat ok
2026-09-18T17:01:08+00:00,inventory-service,WARNING,disk utilization high
2026-09-18T17:01:08+00:00,auth-service,INFO,heartbeat ok
2026-09-18T17:01:08+00:00,notification-worker,INFO,heartbeat ok
2026-09-18T17:01:38+00:00,inventory-service,WARNING,disk utilization high
2026-09-18T17:02:08+00:00,inventory-service,WARNING,disk utilization high
2026-09-18T17:02:38+00:00,inventory-service,WARNING,disk utilization high
2026-09-18T17:03:08+00:00,payment-api,INFO,heartbeat ok
2026-09-18T17:03:08+00:00,order-service,INFO,heartbeat ok
2026-09-18T17:03:08+00:00,inventory-service,WARNING,disk utilization high
2026-09-18T17:03:08+00:00,auth-service,INFO,heartbeat ok
2026-09-18T17:03:08+00:00,notification-worker,INFO,heartbeat ok
2026-09-18T17:03:38+00:00,inventory-service,WARNING,disk utilization high
2026-09-18T17:04:08+00:00,inventory-service,WARNING,disk utilization high
2026-09-18T17:04:38+00:00,inventory-service,WARNING,disk utilization high
2026-09-18T17:05:08+00:00,payment-api,INFO,heartbeat ok
2026-09-18T17:05:08+00:00,order-service,INFO,heartbeat ok
2026-09-18T17:05:08+00:00,inventory-service,WARNING,disk utilization high
2026-09-18T17:05:08+00:00,auth-service,INFO,heartbeat ok
2026-09-18T17:05:08+00:00,notification-worker,INFO,heartbeat ok
2026-09-18T17:05:38+00:00,inventory-service,WARNING,disk utilization high
2026-09-18T17:06:08+00:00,inventory-service,WARNING,disk utilization high
2026-09-18T17:06:38+00:00,inventory-service,WARNING,disk utilization high
2026-09-18T17:07:08+00:00,payment-api,INFO,heartbeat ok
2026-09-18T17:07:08+00:00,order-service,INFO,heartbeat ok
2026-09-18T17:07:08+00:00,inventory-service,WARNING,disk utilization high
2026-09-18T17:07:08+00:00,auth-service,INFO,heartbeat ok
2026-09-18T17:07:08+00:00,notification-worker,INFO,heartbeat ok
2026-09-18T17:07:38+00:00,inventory-service,WARNING,disk utilization high
2026-09-18T17:08:08+00:00,inventory-service,WARNING,disk utilization high
2026-09-18T17:08:38+00:00,inventory-service,WARNING,disk utilization high
2026-09-18T17:09:08+00:00,payment-api,INFO,heartbeat ok
2026-09-18T17:09:08+00:00,order-service,INFO,heartbeat ok
2026-09-18T17:09:08+00:00,inventory-service,WARNING,disk utilization high
2026-09-18T17:09:08+00:00,auth-service,INFO,heartbeat ok
2026-09-18T17:09:08+00:00,notification-worker,INFO,heartbeat ok
2026-09-18T17:09:38+00:00,payment-api,INFO,request processed
2026-09-18T17:09:38+00:00,order-service,INFO,request processed
2026-09-18T17:09:38+00:00,inventory-service,WARNING,disk utilization high
2026-09-18T17:09:38+00:00,auth-service,INFO,request processed
2026-09-18T17:09:38+00:00,notification-worker,INFO,request processed
2026-09-18T17:10:08+00:00,inventory-service,WARNING,disk utilization high
2026-09-18T17:10:38+00:00,inventory-service,WARNING,disk utilization high
2026-09-18T17:11:08+00:00,payment-api,INFO,heartbeat ok
2026-09-18T17:11:08+00:00,order-service,INFO,heartbeat ok
2026-09-18T17:11:08+00:00,inventory-service,WARNING,disk utilization high
2026-09-18T17:11:08+00:00,auth-service,INFO,heartbeat ok
2026-09-18T17:11:08+00:00,notification-worker,INFO,heartbeat ok
2026-09-18T17:11:38+00:00,inventory-service,WARNING,disk utilization high
2026-09-18T17:12:08+00:00,inventory-service,WARNING,disk utilization high
2026-09-18T17:12:38+00:00,inventory-service,WARNING,disk utilization high
2026-09-18T17:13:08+00:00,payment-api,INFO,heartbeat ok
2026-09-18T17:13:08+00:00,order-service,INFO,heartbeat ok
2026-09-18T17:13:08+00:00,inventory-service,WARNING,disk utilization high
2026-09-18T17:13:08+00:00,auth-service,INFO,heartbeat ok
2026-09-18T17:13:08+00:00,notification-worker,INFO,heartbeat ok
2026-09-18T17:13:38+00:00,inventory-service,WARNING,disk utilization high
2026-09-18T17:14:08+00:00,inventory-service,WARNING,disk utilization high
2026-09-18T17:14:38+00:00,inventory-service,WARNING,disk utilization high
2026-09-18T17:15:08+00:00,payment-api,INFO,heartbeat ok
2026-09-18T17:15:08+00:00,order-service,INFO,heartbeat ok
2026-09-18T17:15:08+00:00,inventory-service,WARNING,disk utilization high
2026-09-18T17:15:08+00:00,auth-service,INFO,heartbeat ok
2026-09-18T17:15:08+00:00,notification-worker,INFO,heartbeat ok
2026-09-18T17:15:38+00:00,inventory-service,WARNING,disk utilization high
2026-09-18T17:16:08+00:00,inventory-service,WARNING,disk utilization high
2026-09-18T17:16:38+00:00,inventory-service,WARNING,disk utilization high
2026-09-18T17:17:08+00:00,payment-api,INFO,heartbeat ok
2026-09-18T17:17:08+00:00,order-service,INFO,heartbeat ok
2026-09-18T17:17:08+00:00,inventory-service,WARNING,disk utilization high
2026-09-18T17:17:08+00:00,auth-service,INFO,heartbeat ok
2026-09-18T17:17:08+00:00,notification-worker,INFO,heartbeat ok
2026-09-18T17:17:38+00:00,inventory-service,WARNING,disk utilization high
2026-09-18T17:18:08+00:00,inventory-service,WARNING,disk utilization high
2026-09-18T17:18:38+00:00,inventory-service,WARNING,disk utilization high
2026-09-18T17:19:08+00:00,payment-api,INFO,heartbeat ok
2026-09-18T17:19:08+00:00,order-service,INFO,heartbeat ok
2026-09-18T17:19:08+00:00,inventory-service,WARNING,disk utilization high
2026-09-18T17:19:08+00:00,auth-service,INFO,heartbeat ok
2026-09-18T17:19:08+00:00,notification-worker,INFO,heartbeat ok
2026-09-18T17:19:38+00:00,inventory-service,WARNING,disk utilization high
2026-09-18T17:20:08+00:00,inventory-service,WARNING,disk utilization high
2026-09-18T17:20:38+00:00,inventory-service,WARNING,disk utilization high
2026-09-18T17:21:08+00:00,payment-api,INFO,heartbeat ok
2026-09-18T17:21:08+00:00,order-service,INFO,heartbeat ok
2026-09-18T17:21:08+00:00,inventory-service,WARNING,disk utilization high
2026-09-18T17:21:08+00:00,auth-service,INFO,heartbeat ok
2026-09-18T17:21:08+00:00,notification-worker,INFO,heartbeat ok
2026-09-18T17:21:38+00:00,inventory-service,WARNING,disk utilization high
2026-09-18T17:22:08+00:00,inventory-service,WARNING,disk utilization high
2026-09-18T17:22:38+00:00,inventory-service,WARNING,disk utilization high
2026-09-18T17:23:08+00:00,payment-api,INFO,heartbeat ok
2026-09-18T17:23:08+00:00,order-service,INFO,heartbeat ok
2026-09-18T17:23:08+00:00,inventory-service,WARNING,disk utilization high
2026-09-18T17:23:08+00:00,auth-service,INFO,heartbeat ok
2026-09-18T17:23:08+00:00,notification-worker,INFO,heartbeat ok
2026-09-18T17:23:38+00:00,inventory-service,WARNING,disk utilization high
2026-09-18T17:24:08+00:00,inventory-service,WARNING,disk utilization high
2026-09-18T17:24:38+00:00,inventory-service,WARNING,disk utilization high
2026-09-18T17:25:08+00:00,payment-api,INFO,heartbeat ok
2026-09-18T17:25:08+00:00,order-service,INFO,heartbeat ok
2026-09-18T17:25:08+00:00,inventory-service,WARNING,disk utilization high
2026-09-18T17:25:08+00:00,auth-service,INFO,heartbeat ok
2026-09-18T17:25:08+00:00,notification-worker,INFO,heartbeat ok
2026-09-18T17:25:38+00:00,inventory-service,WARNING,disk utilization high
2026-09-18T17:26:08+00:00,inventory-service,WARNING,disk utilization high
2026-09-18T17:26:38+00:00,inventory-service,WARNING,disk utilization high
2026-09-18T17:27:08+00:00,payment-api,INFO,heartbeat ok
2026-09-18T17:27:08+00:00,order-service,INFO,heartbeat ok
2026-09-18T17:27:08+00:00,inventory-service,WARNING,disk utilization high
2026-09-18T17:27:08+00:00,auth-service,INFO,heartbeat ok
2026-09-18T17:27:08+00:00,notification-worker,INFO,heartbeat ok
2026-09-18T17:27:38+00:00,inventory-service,WARNING,disk utilization high
2026-09-18T17:28:08+00:00,inventory-service,WARNING,disk utilization high
2026-09-18T17:28:38+00:00,inventory-service,WARNING,disk utilization high
2026-09-18T17:29:08+00:00,payment-api,INFO,heartbeat ok
2026-09-18T17:29:08+00:00,order-service,INFO,heartbeat ok
2026-09-18T17:29:08+00:00,inventory-service,WARNING,disk utilization high
2026-09-18T17:29:08+00:00,auth-service,INFO,heartbeat ok
2026-09-18T17:29:08+00:00,notification-worker,INFO,heartbeat ok
2026-09-18T17:29:38+00:00,inventory-service,WARNING,disk utilization high
2026-09-18T17:30:08+00:00,inventory-service,WARNING,disk utilization high
2026-09-18T17:30:38+00:00,inventory-service,WARNING,disk utilization high
2026-09-18T17:31:08+00:00,payment-api,INFO,heartbeat ok
2026-09-18T17:31:08+00:00,order-service,INFO,heartbeat ok
2026-09-18T17:31:08+00:00,inventory-service,WARNING,disk utilization high
2026-09-18T17:31:08+00:00,auth-service,INFO,heartbeat ok
2026-09-18T17:31:08+00:00,notification-worker,INFO,heartbeat ok
2026-09-18T17:31:38+00:00,inventory-service,WARNING,disk utilization high
2026-09-18T17:32:08+00:00,inventory-service,WARNING,disk utilization high
2026-09-18T17:32:38+00:00,inventory-service,WARNING,disk utilization high
2026-09-18T17:33:08+00:00,payment-api,INFO,heartbeat ok
2026-09-18T17:33:08+00:00,order-service,INFO,heartbeat ok
2026-09-18T17:33:08+00:00,inventory-service,WARNING,disk utilization high
2026-09-18T17:33:08+00:00,auth-service,INFO,heartbeat ok
2026-09-18T17:33:08+00:00,notification-worker,INFO,heartbeat ok
2026-09-18T17:33:38+00:00,inventory-service,WARNING,disk utilization high
2026-09-18T17:34:08+00:00,inventory-service,WARNING,disk utilization high
2026-09-18T17:34:38+00:00,inventory-service,WARNING,disk utilization high
2026-09-18T17:35:08+00:00,payment-api,INFO,heartbeat ok
2026-09-18T17:35:08+00:00,order-service,INFO,heartbeat ok
2026-09-18T17:35:08+00:00,inventory-service,WARNING,disk utilization high
2026-09-18T17:35:08+00:00,auth-service,INFO,heartbeat ok
2026-09-18T17:35:08+00:00,notification-worker,INFO,heartbeat ok
2026-09-18T17:35:38+00:00,payment-api,WARNING,slow query detected
2026-09-18T17:35:38+00:00,order-service,WARNING,slow query detected
2026-09-18T17:35:38+00:00,inventory-service,WARNING,disk utilization high
2026-09-18T17:35:38+00:00,auth-service,WARNING,slow query detected
2026-09-18T17:35:38+00:00,notification-worker,WARNING,slow query detected
2026-09-18T17:36:08+00:00,inventory-service,WARNING,disk utilization high
2026-09-18T17:36:38+00:00,inventory-service,WARNING,disk utilization high
2026-09-18T17:37:08+00:00,payment-api,INFO,heartbeat ok
2026-09-18T17:37:08+00:00,order-service,INFO,heartbeat ok
2026-09-18T17:37:08+00:00,inventory-service,WARNING,disk utilization high
2026-09-18T17:37:08+00:00,auth-service,INFO,heartbeat ok
2026-09-18T17:37:08+00:00,notification-worker,INFO,heartbeat ok
2026-09-18T17:37:38+00:00,inventory-service,WARNING,disk utilization high
2026-09-18T17:38:08+00:00,payment-api,ERROR,temporary upstream timeout
2026-09-18T17:38:08+00:00,order-service,ERROR,temporary upstream timeout
2026-09-18T17:38:08+00:00,inventory-service,WARNING,disk utilization high
2026-09-18T17:38:08+00:00,auth-service,ERROR,temporary upstream timeout
2026-09-18T17:38:08+00:00,notification-worker,ERROR,temporary upstream timeout
2026-09-18T17:38:38+00:00,inventory-service,WARNING,disk utilization high
2026-09-18T17:39:08+00:00,payment-api,INFO,heartbeat ok
2026-09-18T17:39:08+00:00,order-service,INFO,heartbeat ok
2026-09-18T17:39:08+00:00,inventory-service,WARNING,disk utilization high
2026-09-18T17:39:08+00:00,auth-service,INFO,heartbeat ok
2026-09-18T17:39:08+00:00,notification-worker,INFO,heartbeat ok
2026-09-18T17:39:38+00:00,inventory-service,WARNING,disk utilization high
2026-09-18T17:40:08+00:00,inventory-service,WARNING,disk utilization high
2026-09-18T17:40:38+00:00,payment-api,INFO,request processed
2026-09-18T17:40:38+00:00,order-service,INFO,request processed
2026-09-18T17:40:38+00:00,inventory-service,WARNING,disk utilization high
2026-09-18T17:40:38+00:00,auth-service,INFO,request processed
2026-09-18T17:40:38+00:00,notification-worker,INFO,request processed
2026-09-18T17:41:08+00:00,payment-api,INFO,heartbeat ok
2026-09-18T17:41:08+00:00,order-service,INFO,heartbeat ok
2026-09-18T17:41:08+00:00,inventory-service,WARNING,disk utilization high
2026-09-18T17:41:08+00:00,auth-service,INFO,heartbeat ok
2026-09-18T17:41:08+00:00,notification-worker,INFO,heartbeat ok
2026-09-18T17:41:38+00:00,inventory-service,WARNING,disk utilization high
2026-09-18T17:42:08+00:00,inventory-service,WARNING,disk utilization high
2026-09-18T17:42:38+00:00,inventory-service,WARNING,disk utilization high
2026-09-18T17:43:08+00:00,payment-api,INFO,heartbeat ok
2026-09-18T17:43:08+00:00,order-service,INFO,heartbeat ok
2026-09-18T17:43:08+00:00,inventory-service,WARNING,disk utilization high
2026-09-18T17:43:08+00:00,auth-service,INFO,heartbeat ok
2026-09-18T17:43:08+00:00,notification-worker,INFO,heartbeat ok
2026-09-18T17:43:38+00:00,inventory-service,WARNING,disk utilization high
2026-09-18T17:44:08+00:00,inventory-service,WARNING,disk utilization high
2026-09-18T17:44:38+00:00,inventory-service,WARNING,disk utilization high
2026-09-18T17:45:08+00:00,payment-api,INFO,heartbeat ok
2026-09-18T17:45:08+00:00,order-service,INFO,heartbeat ok
2026-09-18T17:45:08+00:00,inventory-service,WARNING,disk utilization high
2026-09-18T17:45:08+00:00,auth-service,INFO,heartbeat ok
2026-09-18T17:45:08+00:00,notification-worker,INFO,heartbeat ok
2026-09-18T17:45:38+00:00,inventory-service,WARNING,disk utilization high
2026-09-18T17:46:08+00:00,inventory-service,WARNING,disk utilization high
2026-09-18T17:46:38+00:00,inventory-service,WARNING,disk utilization high
2026-09-18T17:47:08+00:00,payment-api,INFO,heartbeat ok
2026-09-18T17:47:08+00:00,order-service,INFO,heartbeat ok
2026-09-18T17:47:08+00:00,inventory-service,WARNING,disk utilization high
2026-09-18T17:47:08+00:00,auth-service,INFO,heartbeat ok
2026-09-18T17:47:08+00:00,notification-worker,INFO,heartbeat ok
2026-09-18T17:47:38+00:00,inventory-service,WARNING,disk utilization high
2026-09-18T17:48:08+00:00,inventory-service,WARNING,disk utilization high
2026-09-18T17:48:38+00:00,inventory-service,WARNING,disk utilization high
2026-09-18T17:49:08+00:00,payment-api,INFO,heartbeat ok
2026-09-18T17:49:08+00:00,order-service,INFO,heartbeat ok
2026-09-18T17:49:08+00:00,inventory-service,WARNING,disk utilization high
2026-09-18T17:49:08+00:00,auth-service,INFO,heartbeat ok
2026-09-18T17:49:08+00:00,notification-worker,INFO,heartbeat ok
2026-09-18T17:49:38+00:00,inventory-service,WARNING,disk utilization high
2026-09-18T17:50:08+00:00,inventory-service,WARNING,disk utilization high
2026-09-18T17:50:38+00:00,inventory-service,WARNING,disk utilization high
2026-09-18T17:51:08+00:00,payment-api,INFO,heartbeat ok
2026-09-18T17:51:08+00:00,order-service,INFO,heartbeat ok
2026-09-18T17:51:08+00:00,inventory-service,WARNING,disk utilization high
2026-09-18T17:51:08+00:00,auth-service,INFO,heartbeat ok
2026-09-18T17:51:08+00:00,notification-worker,INFO,heartbeat ok
2026-09-18T17:51:38+00:00,inventory-service,WARNING,disk utilization high
2026-09-18T17:52:08+00:00,inventory-service,WARNING,disk utilization high
2026-09-18T17:52:38+00:00,inventory-service,WARNING,disk utilization high
2026-09-18T17:53:08+00:00,payment-api,INFO,heartbeat ok
2026-09-18T17:53:08+00:00,order-service,INFO,heartbeat ok
2026-09-18T17:53:08+00:00,inventory-service,WARNING,disk utilization high
2026-09-18T17:53:08+00:00,auth-service,INFO,heartbeat ok
2026-09-18T17:53:08+00:00,notification-worker,INFO,heartbeat ok
2026-09-18T17:53:38+00:00,inventory-service,WARNING,disk utilization high
2026-09-18T17:54:08+00:00,inventory-service,WARNING,disk utilization high
2026-09-18T17:54:38+00:00,inventory-service,WARNING,disk utilization high
2026-09-18T17:55:08+00:00,payment-api,INFO,heartbeat ok
2026-09-18T17:55:08+00:00,order-service,INFO,heartbeat ok
2026-09-18T17:55:08+00:00,inventory-service,WARNING,disk utilization high
2026-09-18T17:55:08+00:00,auth-service,INFO,heartbeat ok
2026-09-18T17:55:08+00:00,notification-worker,INFO,heartbeat ok
2026-09-18T17:55:38+00:00,inventory-service,WARNING,disk utilization high
2026-09-18T17:56:08+00:00,payment-api,INFO,request processed
2026-09-18T17:56:08+00:00,order-service,INFO,request processed
2026-09-18T17:56:08+00:00,inventory-service,WARNING,disk utilization high
2026-09-18T17:56:08+00:00,auth-service,INFO,request processed
2026-09-18T17:56:08+00:00,notification-worker,INFO,request processed
2026-09-18T17:56:38+00:00,inventory-service,WARNING,disk utilization high
2026-09-18T17:57:08+00:00,payment-api,INFO,heartbeat ok
2026-09-18T17:57:08+00:00,order-service,INFO,heartbeat ok
2026-09-18T17:57:08+00:00,inventory-service,WARNING,disk utilization high
2026-09-18T17:57:08+00:00,auth-service,INFO,heartbeat ok
2026-09-18T17:57:08+00:00,notification-worker,INFO,heartbeat ok
2026-09-18T17:57:38+00:00,inventory-service,WARNING,disk utilization high
2026-09-18T17:58:08+00:00,inventory-service,WARNING,disk utilization high
2026-09-18T17:58:38+00:00,inventory-service,WARNING,disk utilization high
2026-09-18T17:59:08+00:00,payment-api,INFO,heartbeat ok
2026-09-18T17:59:08+00:00,order-service,INFO,heartbeat ok
2026-09-18T17:59:08+00:00,inventory-service,WARNING,disk utilization high
2026-09-18T17:59:08+00:00,auth-service,INFO,heartbeat ok
2026-09-18T17:59:08+00:00,notification-worker,INFO,heartbeat ok
2026-09-18T17:59:38+00:00,inventory-service,WARNING,disk utilization high
2026-09-18T18:00:08+00:00,payment-api,WARNING,connection retry
2026-09-18T18:00:08+00:00,order-service,WARNING,connection retry
2026-09-18T18:00:08+00:00,inventory-service,WARNING,disk utilization high
2026-09-18T18:00:08+00:00,auth-service,WARNING,connection retry
2026-09-18T18:00:08+00:00,notification-worker,WARNING,connection retry
2026-09-18T18:00:38+00:00,inventory-service,WARNING,disk utilization high
2026-09-18T18:01:08+00:00,payment-api,INFO,heartbeat ok
2026-09-18T18:01:08+00:00,order-service,INFO,heartbeat ok
2026-09-18T18:01:08+00:00,inventory-service,WARNING,disk utilization high
2026-09-18T18:01:08+00:00,auth-service,INFO,heartbeat ok
2026-09-18T18:01:08+00:00,notification-worker,INFO,heartbeat ok
2026-09-18T18:01:38+00:00,inventory-service,WARNING,disk utilization high
2026-09-18T18:02:08+00:00,inventory-service,WARNING,disk utilization high
2026-09-18T18:02:38+00:00,inventory-service,WARNING,disk utilization high
2026-09-18T18:03:08+00:00,payment-api,INFO,heartbeat ok
2026-09-18T18:03:08+00:00,order-service,INFO,heartbeat ok
2026-09-18T18:03:08+00:00,inventory-service,WARNING,disk utilization high
2026-09-18T18:03:08+00:00,auth-service,INFO,heartbeat ok
2026-09-18T18:03:08+00:00,notification-worker,INFO,heartbeat ok
2026-09-18T18:03:38+00:00,inventory-service,WARNING,disk utilization high
2026-09-18T18:04:08+00:00,inventory-service,WARNING,disk utilization high
2026-09-18T18:04:38+00:00,inventory-service,WARNING,disk utilization high
2026-09-18T18:05:08+00:00,payment-api,INFO,heartbeat ok
2026-09-18T18:05:08+00:00,order-service,INFO,heartbeat ok
2026-09-18T18:05:08+00:00,inventory-service,WARNING,disk utilization high
2026-09-18T18:05:08+00:00,auth-service,INFO,heartbeat ok
2026-09-18T18:05:08+00:00,notification-worker,INFO,heartbeat ok
2026-09-18T18:07:08+00:00,payment-api,INFO,heartbeat ok
2026-09-18T18:07:08+00:00,order-service,INFO,heartbeat ok
2026-09-18T18:07:08+00:00,inventory-service,INFO,heartbeat ok
2026-09-18T18:07:08+00:00,auth-service,INFO,heartbeat ok
2026-09-18T18:07:08+00:00,notification-worker,INFO,heartbeat ok
2026-09-18T18:09:08+00:00,payment-api,INFO,heartbeat ok
2026-09-18T18:09:08+00:00,order-service,INFO,heartbeat ok
2026-09-18T18:09:08+00:00,inventory-service,INFO,heartbeat ok
2026-09-18T18:09:08+00:00,auth-service,INFO,heartbeat ok
2026-09-18T18:09:08+00:00,notification-worker,INFO,heartbeat ok
2026-09-18T18:11:08+00:00,payment-api,INFO,heartbeat ok
2026-09-18T18:11:08+00:00,order-service,INFO,heartbeat ok
2026-09-18T18:11:08+00:00,inventory-service,INFO,heartbeat ok
2026-09-18T18:11:08+00:00,auth-service,INFO,heartbeat ok
2026-09-18T18:11:08+00:00,notification-worker,INFO,heartbeat ok
2026-09-18T18:11:38+00:00,payment-api,INFO,request processed
2026-09-18T18:11:38+00:00,order-service,INFO,request processed
2026-09-18T18:11:38+00:00,inventory-service,INFO,request processed
2026-09-18T18:11:38+00:00,auth-service,INFO,request processed
2026-09-18T18:11:38+00:00,notification-worker,INFO,request processed
2026-09-18T18:13:08+00:00,payment-api,INFO,heartbeat ok
2026-09-18T18:13:08+00:00,order-service,INFO,heartbeat ok
2026-09-18T18:13:08+00:00,inventory-service,INFO,heartbeat ok
2026-09-18T18:13:08+00:00,auth-service,INFO,heartbeat ok
2026-09-18T18:13:08+00:00,notification-worker,INFO,heartbeat ok
2026-09-18T18:15:08+00:00,payment-api,INFO,heartbeat ok
2026-09-18T18:15:08+00:00,order-service,INFO,heartbeat ok
2026-09-18T18:15:08+00:00,inventory-service,INFO,heartbeat ok
2026-09-18T18:15:08+00:00,auth-service,INFO,heartbeat ok
2026-09-18T18:15:08+00:00,notification-worker,INFO,heartbeat ok
2026-09-18T18:17:08+00:00,payment-api,INFO,heartbeat ok
2026-09-18T18:17:08+00:00,order-service,INFO,heartbeat ok
2026-09-18T18:17:08+00:00,inventory-service,INFO,heartbeat ok
2026-09-18T18:17:08+00:00,auth-service,INFO,heartbeat ok
2026-09-18T18:17:08+00:00,notification-worker,INFO,heartbeat ok
2026-09-18T18:19:08+00:00,payment-api,INFO,heartbeat ok
2026-09-18T18:19:08+00:00,order-service,INFO,heartbeat ok
2026-09-18T18:19:08+00:00,inventory-service,INFO,heartbeat ok
2026-09-18T18:19:08+00:00,auth-service,INFO,heartbeat ok
2026-09-18T18:19:08+00:00,notification-worker,INFO,heartbeat ok
2026-09-18T18:21:08+00:00,payment-api,INFO,heartbeat ok
2026-09-18T18:21:08+00:00,order-service,INFO,heartbeat ok
2026-09-18T18:21:08+00:00,inventory-service,INFO,heartbeat ok
2026-09-18T18:21:08+00:00,auth-service,INFO,heartbeat ok
2026-09-18T18:21:08+00:00,notification-worker,INFO,heartbeat ok
2026-09-18T18:23:08+00:00,payment-api,INFO,heartbeat ok
2026-09-18T18:23:08+00:00,order-service,INFO,heartbeat ok
2026-09-18T18:23:08+00:00,inventory-service,INFO,heartbeat ok
2026-09-18T18:23:08+00:00,auth-service,INFO,heartbeat ok
2026-09-18T18:23:08+00:00,notification-worker,INFO,heartbeat ok
2026-09-18T18:24:08+00:00,payment-api,WARNING,slow query detected
2026-09-18T18:24:08+00:00,order-service,WARNING,slow query detected
2026-09-18T18:24:08+00:00,inventory-service,WARNING,slow query detected
2026-09-18T18:24:08+00:00,auth-service,WARNING,slow query detected
2026-09-18T18:24:08+00:00,notification-worker,WARNING,slow query detected
2026-09-18T18:25:08+00:00,payment-api,INFO,heartbeat ok
2026-09-18T18:25:08+00:00,order-service,INFO,heartbeat ok
2026-09-18T18:25:08+00:00,inventory-service,INFO,heartbeat ok
2026-09-18T18:25:08+00:00,auth-service,INFO,heartbeat ok
2026-09-18T18:25:08+00:00,notification-worker,INFO,heartbeat ok
2026-09-18T18:27:08+00:00,payment-api,INFO,heartbeat ok
2026-09-18T18:27:08+00:00,order-service,INFO,heartbeat ok
2026-09-18T18:27:08+00:00,inventory-service,INFO,heartbeat ok
2026-09-18T18:27:08+00:00,auth-service,INFO,heartbeat ok
2026-09-18T18:27:08+00:00,notification-worker,INFO,heartbeat ok
2026-09-18T18:29:08+00:00,payment-api,INFO,heartbeat ok
2026-09-18T18:29:08+00:00,order-service,INFO,heartbeat ok
2026-09-18T18:29:08+00:00,inventory-service,INFO,heartbeat ok
2026-09-18T18:29:08+00:00,auth-service,INFO,heartbeat ok
2026-09-18T18:29:08+00:00,notification-worker,INFO,heartbeat ok
2026-09-18T18:31:08+00:00,payment-api,INFO,heartbeat ok
2026-09-18T18:31:08+00:00,order-service,INFO,heartbeat ok
2026-09-18T18:31:08+00:00,inventory-service,INFO,heartbeat ok
2026-09-18T18:31:08+00:00,auth-service,INFO,heartbeat ok
2026-09-18T18:31:08+00:00,notification-worker,INFO,heartbeat ok
2026-09-18T18:33:08+00:00,payment-api,INFO,heartbeat ok
2026-09-18T18:33:08+00:00,order-service,INFO,heartbeat ok
2026-09-18T18:33:08+00:00,inventory-service,INFO,heartbeat ok
2026-09-18T18:33:08+00:00,auth-service,INFO,heartbeat ok
2026-09-18T18:33:08+00:00,notification-worker,INFO,heartbeat ok
2026-09-18T18:35:08+00:00,payment-api,INFO,heartbeat ok
2026-09-18T18:35:08+00:00,order-service,INFO,heartbeat ok
2026-09-18T18:35:08+00:00,inventory-service,INFO,heartbeat ok
2026-09-18T18:35:08+00:00,auth-service,INFO,heartbeat ok
2026-09-18T18:35:08+00:00,notification-worker,INFO,heartbeat ok
2026-09-18T18:37:08+00:00,payment-api,INFO,heartbeat ok
2026-09-18T18:37:08+00:00,order-service,INFO,heartbeat ok
2026-09-18T18:37:08+00:00,inventory-service,INFO,heartbeat ok
2026-09-18T18:37:08+00:00,auth-service,INFO,heartbeat ok
2026-09-18T18:37:08+00:00,notification-worker,INFO,heartbeat ok
2026-09-18T18:39:08+00:00,payment-api,INFO,heartbeat ok
2026-09-18T18:39:08+00:00,order-service,INFO,heartbeat ok
2026-09-18T18:39:08+00:00,inventory-service,INFO,heartbeat ok
2026-09-18T18:39:08+00:00,auth-service,INFO,heartbeat ok
2026-09-18T18:39:08+00:00,notification-worker,INFO,heartbeat ok
2026-09-18T18:41:08+00:00,payment-api,INFO,heartbeat ok
2026-09-18T18:41:08+00:00,order-service,INFO,heartbeat ok
2026-09-18T18:41:08+00:00,inventory-service,INFO,heartbeat ok
2026-09-18T18:41:08+00:00,auth-service,INFO,heartbeat ok
2026-09-18T18:41:08+00:00,notification-worker,INFO,heartbeat ok
2026-09-18T18:42:38+00:00,payment-api,INFO,request processed
2026-09-18T18:42:38+00:00,order-service,INFO,request processed
2026-09-18T18:42:38+00:00,inventory-service,INFO,request processed
2026-09-18T18:42:38+00:00,auth-service,INFO,request processed
2026-09-18T18:42:38+00:00,notification-worker,INFO,request processed
2026-09-18T18:43:08+00:00,payment-api,INFO,heartbeat ok
2026-09-18T18:43:08+00:00,order-service,INFO,heartbeat ok
2026-09-18T18:43:08+00:00,inventory-service,INFO,heartbeat ok
2026-09-18T18:43:08+00:00,auth-service,INFO,heartbeat ok
2026-09-18T18:43:08+00:00,notification-worker,INFO,heartbeat ok
2026-09-18T18:45:08+00:00,payment-api,INFO,heartbeat ok
2026-09-18T18:45:08+00:00,order-service,INFO,heartbeat ok
2026-09-18T18:45:08+00:00,inventory-service,INFO,heartbeat ok
2026-09-18T18:45:08+00:00,auth-service,INFO,heartbeat ok
2026-09-18T18:45:08+00:00,notification-worker,INFO,heartbeat ok
2026-09-18T18:47:08+00:00,payment-api,INFO,heartbeat ok
2026-09-18T18:47:08+00:00,order-service,INFO,heartbeat ok
2026-09-18T18:47:08+00:00,inventory-service,INFO,heartbeat ok
2026-09-18T18:47:08+00:00,auth-service,INFO,heartbeat ok
2026-09-18T18:47:08+00:00,notification-worker,INFO,heartbeat ok
2026-09-18T18:49:08+00:00,payment-api,INFO,heartbeat ok
2026-09-18T18:49:08+00:00,order-service,INFO,heartbeat ok
2026-09-18T18:49:08+00:00,inventory-service,INFO,heartbeat ok
2026-09-18T18:49:08+00:00,auth-service,INFO,heartbeat ok
2026-09-18T18:49:08+00:00,notification-worker,INFO,heartbeat ok
2026-09-18T18:51:08+00:00,payment-api,INFO,heartbeat ok
2026-09-18T18:51:08+00:00,order-service,INFO,heartbeat ok
2026-09-18T18:51:08+00:00,inventory-service,INFO,heartbeat ok
2026-09-18T18:51:08+00:00,auth-service,INFO,heartbeat ok
2026-09-18T18:51:08+00:00,notification-worker,INFO,heartbeat ok
2026-09-18T18:53:08+00:00,payment-api,INFO,heartbeat ok
2026-09-18T18:53:08+00:00,order-service,INFO,heartbeat ok
2026-09-18T18:53:08+00:00,inventory-service,INFO,heartbeat ok
2026-09-18T18:53:08+00:00,auth-service,INFO,heartbeat ok
2026-09-18T18:53:08+00:00,notification-worker,INFO,heartbeat ok
2026-09-18T18:55:08+00:00,payment-api,INFO,heartbeat ok
2026-09-18T18:55:08+00:00,order-service,INFO,heartbeat ok
2026-09-18T18:55:08+00:00,inventory-service,INFO,heartbeat ok
2026-09-18T18:55:08+00:00,auth-service,INFO,heartbeat ok
2026-09-18T18:55:08+00:00,notification-worker,INFO,heartbeat ok
2026-09-18T18:57:08+00:00,payment-api,INFO,heartbeat ok
2026-09-18T18:57:08+00:00,order-service,INFO,heartbeat ok
2026-09-18T18:57:08+00:00,inventory-service,INFO,heartbeat ok
2026-09-18T18:57:08+00:00,auth-service,INFO,heartbeat ok
2026-09-18T18:57:08+00:00,notification-worker,INFO,heartbeat ok
2026-09-18T18:58:08+00:00,payment-api,INFO,request processed
2026-09-18T18:58:08+00:00,order-service,INFO,request processed
2026-09-18T18:58:08+00:00,inventory-service,INFO,request processed
2026-09-18T18:58:08+00:00,auth-service,INFO,request processed
2026-09-18T18:58:08+00:00,notification-worker,INFO,request processed
2026-09-18T18:59:08+00:00,payment-api,INFO,heartbeat ok
2026-09-18T18:59:08+00:00,order-service,INFO,heartbeat ok
2026-09-18T18:59:08+00:00,inventory-service,INFO,heartbeat ok
2026-09-18T18:59:08+00:00,auth-service,INFO,heartbeat ok
2026-09-18T18:59:08+00:00,notification-worker,INFO,heartbeat ok
2026-09-18T19:01:08+00:00,payment-api,INFO,heartbeat ok
2026-09-18T19:01:08+00:00,order-service,INFO,heartbeat ok
2026-09-18T19:01:08+00:00,inventory-service,INFO,heartbeat ok
2026-09-18T19:01:08+00:00,auth-service,INFO,heartbeat ok
2026-09-18T19:01:08+00:00,notification-worker,INFO,heartbeat ok
2026-09-18T19:03:08+00:00,payment-api,INFO,heartbeat ok
2026-09-18T19:03:08+00:00,order-service,INFO,heartbeat ok
2026-09-18T19:03:08+00:00,inventory-service,INFO,heartbeat ok
2026-09-18T19:03:08+00:00,auth-service,INFO,heartbeat ok
2026-09-18T19:03:08+00:00,notification-worker,INFO,heartbeat ok
2026-09-18T19:05:08+00:00,payment-api,INFO,heartbeat ok
2026-09-18T19:05:08+00:00,order-service,INFO,heartbeat ok
2026-09-18T19:05:08+00:00,inventory-service,INFO,heartbeat ok
2026-09-18T19:05:08+00:00,auth-service,INFO,heartbeat ok
2026-09-18T19:05:08+00:00,notification-worker,INFO,heartbeat ok
2026-09-18T19:05:38+00:00,payment-api,WARNING,connection retry
2026-09-18T19:05:38+00:00,order-service,WARNING,connection retry
2026-09-18T19:05:38+00:00,inventory-service,WARNING,connection retry
2026-09-18T19:05:38+00:00,auth-service,WARNING,connection retry
2026-09-18T19:05:38+00:00,notification-worker,WARNING,connection retry
2026-09-18T19:07:08+00:00,payment-api,INFO,heartbeat ok
2026-09-18T19:07:08+00:00,order-service,INFO,heartbeat ok
2026-09-18T19:07:08+00:00,inventory-service,INFO,heartbeat ok
2026-09-18T19:07:08+00:00,auth-service,INFO,heartbeat ok
2026-09-18T19:07:08+00:00,notification-worker,INFO,heartbeat ok
2026-09-18T19:09:08+00:00,payment-api,INFO,heartbeat ok
2026-09-18T19:09:08+00:00,order-service,INFO,heartbeat ok
2026-09-18T19:09:08+00:00,inventory-service,INFO,heartbeat ok
2026-09-18T19:09:08+00:00,auth-service,INFO,heartbeat ok
2026-09-18T19:09:08+00:00,notification-worker,INFO,heartbeat ok
2026-09-18T19:11:08+00:00,payment-api,INFO,heartbeat ok
2026-09-18T19:11:08+00:00,order-service,INFO,heartbeat ok
2026-09-18T19:11:08+00:00,inventory-service,INFO,heartbeat ok
2026-09-18T19:11:08+00:00,auth-service,INFO,heartbeat ok
2026-09-18T19:11:08+00:00,notification-worker,INFO,heartbeat ok
2026-09-18T19:12:38+00:00,payment-api,WARNING,slow query detected
2026-09-18T19:12:38+00:00,order-service,WARNING,slow query detected
2026-09-18T19:12:38+00:00,inventory-service,WARNING,slow query detected
2026-09-18T19:12:38+00:00,auth-service,WARNING,slow query detected
2026-09-18T19:12:38+00:00,notification-worker,WARNING,slow query detected
2026-09-18T19:13:08+00:00,payment-api,INFO,heartbeat ok
2026-09-18T19:13:08+00:00,order-service,INFO,heartbeat ok
2026-09-18T19:13:08+00:00,inventory-service,INFO,heartbeat ok
2026-09-18T19:13:08+00:00,auth-service,INFO,heartbeat ok
2026-09-18T19:13:08+00:00,notification-worker,INFO,heartbeat ok
2026-09-18T19:13:38+00:00,payment-api,INFO,request processed
2026-09-18T19:13:38+00:00,order-service,INFO,request processed
2026-09-18T19:13:38+00:00,inventory-service,INFO,request processed
2026-09-18T19:13:38+00:00,auth-service,INFO,request processed
2026-09-18T19:13:38+00:00,notification-worker,INFO,request processed
2026-09-18T19:15:08+00:00,payment-api,INFO,heartbeat ok
2026-09-18T19:15:08+00:00,order-service,INFO,heartbeat ok
2026-09-18T19:15:08+00:00,inventory-service,INFO,heartbeat ok
2026-09-18T19:15:08+00:00,auth-service,INFO,heartbeat ok
2026-09-18T19:15:08+00:00,notification-worker,INFO,heartbeat ok
2026-09-18T19:17:08+00:00,payment-api,INFO,heartbeat ok
2026-09-18T19:17:08+00:00,order-service,INFO,heartbeat ok
2026-09-18T19:17:08+00:00,inventory-service,INFO,heartbeat ok
2026-09-18T19:17:08+00:00,auth-service,INFO,heartbeat ok
2026-09-18T19:17:08+00:00,notification-worker,INFO,heartbeat ok
2026-09-18T19:19:08+00:00,payment-api,INFO,heartbeat ok
2026-09-18T19:19:08+00:00,order-service,INFO,heartbeat ok
2026-09-18T19:19:08+00:00,inventory-service,INFO,heartbeat ok
2026-09-18T19:19:08+00:00,auth-service,INFO,heartbeat ok
2026-09-18T19:19:08+00:00,notification-worker,INFO,heartbeat ok
2026-09-18T19:21:08+00:00,payment-api,INFO,heartbeat ok
2026-09-18T19:21:08+00:00,order-service,INFO,heartbeat ok
2026-09-18T19:21:08+00:00,inventory-service,INFO,heartbeat ok
2026-09-18T19:21:08+00:00,auth-service,INFO,heartbeat ok
2026-09-18T19:21:08+00:00,notification-worker,INFO,heartbeat ok
2026-09-18T19:23:08+00:00,payment-api,INFO,heartbeat ok
2026-09-18T19:23:08+00:00,order-service,INFO,heartbeat ok
2026-09-18T19:23:08+00:00,inventory-service,INFO,heartbeat ok
2026-09-18T19:23:08+00:00,auth-service,INFO,heartbeat ok
2026-09-18T19:23:08+00:00,notification-worker,INFO,heartbeat ok
2026-09-18T19:23:38+00:00,payment-api,ERROR,temporary upstream timeout
2026-09-18T19:23:38+00:00,order-service,ERROR,temporary upstream timeout
2026-09-18T19:23:38+00:00,inventory-service,ERROR,temporary upstream timeout
2026-09-18T19:23:38+00:00,auth-service,ERROR,temporary upstream timeout
2026-09-18T19:23:38+00:00,notification-worker,ERROR,temporary upstream timeout
2026-09-18T19:25:08+00:00,payment-api,INFO,heartbeat ok
2026-09-18T19:25:08+00:00,order-service,INFO,heartbeat ok
2026-09-18T19:25:08+00:00,inventory-service,INFO,heartbeat ok
2026-09-18T19:25:08+00:00,auth-service,INFO,heartbeat ok
2026-09-18T19:25:08+00:00,notification-worker,INFO,heartbeat ok
2026-09-18T19:27:08+00:00,payment-api,INFO,heartbeat ok
2026-09-18T19:27:08+00:00,order-service,INFO,heartbeat ok
2026-09-18T19:27:08+00:00,inventory-service,INFO,heartbeat ok
2026-09-18T19:27:08+00:00,auth-service,INFO,heartbeat ok
2026-09-18T19:27:08+00:00,notification-worker,INFO,heartbeat ok
2026-09-18T19:29:08+00:00,payment-api,INFO,heartbeat ok
2026-09-18T19:29:08+00:00,order-service,INFO,heartbeat ok
2026-09-18T19:29:08+00:00,inventory-service,INFO,heartbeat ok
2026-09-18T19:29:08+00:00,auth-service,INFO,heartbeat ok
2026-09-18T19:29:08+00:00,notification-worker,INFO,heartbeat ok
2026-09-18T19:31:08+00:00,payment-api,INFO,heartbeat ok
2026-09-18T19:31:08+00:00,order-service,INFO,heartbeat ok
2026-09-18T19:31:08+00:00,inventory-service,INFO,heartbeat ok
2026-09-18T19:31:08+00:00,auth-service,INFO,heartbeat ok
2026-09-18T19:31:08+00:00,notification-worker,INFO,heartbeat ok
2026-09-18T19:33:08+00:00,payment-api,INFO,heartbeat ok
2026-09-18T19:33:08+00:00,order-service,INFO,heartbeat ok
2026-09-18T19:33:08+00:00,inventory-service,INFO,heartbeat ok
2026-09-18T19:33:08+00:00,auth-service,INFO,heartbeat ok
2026-09-18T19:33:08+00:00,notification-worker,INFO,heartbeat ok
2026-09-18T19:35:08+00:00,payment-api,INFO,heartbeat ok
2026-09-18T19:35:08+00:00,order-service,INFO,heartbeat ok
2026-09-18T19:35:08+00:00,inventory-service,INFO,heartbeat ok
2026-09-18T19:35:08+00:00,auth-service,INFO,heartbeat ok
2026-09-18T19:35:08+00:00,notification-worker,INFO,heartbeat ok
2026-09-18T19:37:08+00:00,payment-api,INFO,heartbeat ok
2026-09-18T19:37:08+00:00,order-service,INFO,heartbeat ok
2026-09-18T19:37:08+00:00,inventory-service,INFO,heartbeat ok
2026-09-18T19:37:08+00:00,auth-service,INFO,heartbeat ok
2026-09-18T19:37:08+00:00,notification-worker,INFO,heartbeat ok
2026-09-18T19:39:08+00:00,payment-api,INFO,heartbeat ok
2026-09-18T19:39:08+00:00,order-service,INFO,heartbeat ok
2026-09-18T19:39:08+00:00,inventory-service,INFO,heartbeat ok
2026-09-18T19:39:08+00:00,auth-service,INFO,heartbeat ok
2026-09-18T19:39:08+00:00,notification-worker,INFO,heartbeat ok
2026-09-18T19:41:08+00:00,payment-api,INFO,heartbeat ok
2026-09-18T19:41:08+00:00,order-service,INFO,heartbeat ok
2026-09-18T19:41:08+00:00,inventory-service,INFO,heartbeat ok
2026-09-18T19:41:08+00:00,auth-service,INFO,heartbeat ok
2026-09-18T19:41:08+00:00,notification-worker,INFO,heartbeat ok
2026-09-18T19:43:08+00:00,payment-api,INFO,heartbeat ok
2026-09-18T19:43:08+00:00,order-service,INFO,heartbeat ok
2026-09-18T19:43:08+00:00,inventory-service,INFO,heartbeat ok
2026-09-18T19:43:08+00:00,auth-service,INFO,heartbeat ok
2026-09-18T19:43:08+00:00,notification-worker,INFO,heartbeat ok
2026-09-18T19:44:38+00:00,payment-api,INFO,request processed
2026-09-18T19:44:38+00:00,order-service,INFO,request processed
2026-09-18T19:44:38+00:00,inventory-service,INFO,request processed
2026-09-18T19:44:38+00:00,auth-service,INFO,request processed
2026-09-18T19:44:38+00:00,notification-worker,INFO,request processed
2026-09-18T19:45:08+00:00,payment-api,INFO,heartbeat ok
2026-09-18T19:45:08+00:00,order-service,INFO,heartbeat ok
2026-09-18T19:45:08+00:00,inventory-service,INFO,heartbeat ok
2026-09-18T19:45:08+00:00,auth-service,INFO,heartbeat ok
2026-09-18T19:45:08+00:00,notification-worker,INFO,heartbeat ok
2026-09-18T19:47:08+00:00,payment-api,INFO,heartbeat ok
2026-09-18T19:47:08+00:00,order-service,INFO,heartbeat ok
2026-09-18T19:47:08+00:00,inventory-service,INFO,heartbeat ok
2026-09-18T19:47:08+00:00,auth-service,INFO,heartbeat ok
2026-09-18T19:47:08+00:00,notification-worker,INFO,heartbeat ok
2026-09-18T19:49:08+00:00,payment-api,INFO,heartbeat ok
2026-09-18T19:49:08+00:00,order-service,INFO,heartbeat ok
2026-09-18T19:49:08+00:00,inventory-service,INFO,heartbeat ok
2026-09-18T19:49:08+00:00,auth-service,INFO,heartbeat ok
2026-09-18T19:49:08+00:00,notification-worker,INFO,heartbeat ok
2026-09-18T19:51:08+00:00,payment-api,INFO,heartbeat ok
2026-09-18T19:51:08+00:00,order-service,INFO,heartbeat ok
2026-09-18T19:51:08+00:00,inventory-service,INFO,heartbeat ok
2026-09-18T19:51:08+00:00,auth-service,INFO,heartbeat ok
2026-09-18T19:51:08+00:00,notification-worker,INFO,heartbeat ok
2026-09-18T19:53:08+00:00,payment-api,INFO,heartbeat ok
2026-09-18T19:53:08+00:00,order-service,INFO,heartbeat ok
2026-09-18T19:53:08+00:00,inventory-service,INFO,heartbeat ok
2026-09-18T19:53:08+00:00,auth-service,INFO,heartbeat ok
2026-09-18T19:53:08+00:00,notification-worker,INFO,heartbeat ok
2026-09-18T19:55:08+00:00,payment-api,INFO,heartbeat ok
2026-09-18T19:55:08+00:00,order-service,INFO,heartbeat ok
2026-09-18T19:55:08+00:00,inventory-service,INFO,heartbeat ok
2026-09-18T19:55:08+00:00,auth-service,INFO,heartbeat ok
2026-09-18T19:55:08+00:00,notification-worker,INFO,heartbeat ok
2026-09-18T19:57:08+00:00,payment-api,INFO,heartbeat ok
2026-09-18T19:57:08+00:00,order-service,INFO,heartbeat ok
2026-09-18T19:57:08+00:00,inventory-service,INFO,heartbeat ok
2026-09-18T19:57:08+00:00,auth-service,INFO,heartbeat ok
2026-09-18T19:57:08+00:00,notification-worker,INFO,heartbeat ok
2026-09-18T19:59:08+00:00,payment-api,INFO,heartbeat ok
2026-09-18T19:59:08+00:00,order-service,INFO,heartbeat ok
2026-09-18T19:59:08+00:00,inventory-service,INFO,heartbeat ok
2026-09-18T19:59:08+00:00,auth-service,INFO,heartbeat ok
2026-09-18T19:59:08+00:00,notification-worker,INFO,heartbeat ok
2026-09-18T20:00:08+00:00,payment-api,INFO,request processed
2026-09-18T20:00:08+00:00,order-service,INFO,request processed
2026-09-18T20:00:08+00:00,inventory-service,INFO,request processed
2026-09-18T20:00:08+00:00,auth-service,INFO,request processed
2026-09-18T20:00:08+00:00,notification-worker,INFO,request processed
2026-09-18T20:01:08+00:00,payment-api,INFO,heartbeat ok
2026-09-18T20:01:08+00:00,order-service,INFO,heartbeat ok
2026-09-18T20:01:08+00:00,inventory-service,INFO,heartbeat ok
2026-09-18T20:01:08+00:00,auth-service,INFO,heartbeat ok
2026-09-18T20:01:08+00:00,notification-worker,INFO,heartbeat ok
2026-09-18T20:03:08+00:00,payment-api,INFO,heartbeat ok
2026-09-18T20:03:08+00:00,order-service,INFO,heartbeat ok
2026-09-18T20:03:08+00:00,inventory-service,INFO,heartbeat ok
2026-09-18T20:03:08+00:00,auth-service,INFO,heartbeat ok
2026-09-18T20:03:08+00:00,notification-worker,INFO,heartbeat ok
2026-09-18T20:05:08+00:00,payment-api,INFO,heartbeat ok
2026-09-18T20:05:08+00:00,order-service,INFO,heartbeat ok
2026-09-18T20:05:08+00:00,inventory-service,INFO,heartbeat ok
2026-09-18T20:05:08+00:00,auth-service,INFO,heartbeat ok
2026-09-18T20:05:08+00:00,notification-worker,INFO,heartbeat ok
2026-09-18T20:05:38+00:00,payment-api,WARNING,memory usage increasing
2026-09-18T20:06:08+00:00,payment-api,WARNING,memory usage increasing
2026-09-18T20:06:38+00:00,payment-api,WARNING,memory usage increasing
2026-09-18T20:07:08+00:00,payment-api,WARNING,memory usage increasing
2026-09-18T20:07:08+00:00,order-service,INFO,heartbeat ok
2026-09-18T20:07:08+00:00,inventory-service,INFO,heartbeat ok
2026-09-18T20:07:08+00:00,auth-service,INFO,heartbeat ok
2026-09-18T20:07:08+00:00,notification-worker,INFO,heartbeat ok
2026-09-18T20:07:38+00:00,payment-api,WARNING,memory usage increasing
2026-09-18T20:08:08+00:00,payment-api,WARNING,memory usage increasing
2026-09-18T20:08:38+00:00,payment-api,WARNING,memory usage increasing
2026-09-18T20:09:08+00:00,payment-api,WARNING,memory usage increasing
2026-09-18T20:09:08+00:00,order-service,INFO,heartbeat ok
2026-09-18T20:09:08+00:00,inventory-service,INFO,heartbeat ok
2026-09-18T20:09:08+00:00,auth-service,INFO,heartbeat ok
2026-09-18T20:09:08+00:00,notification-worker,INFO,heartbeat ok
2026-09-18T20:09:38+00:00,payment-api,WARNING,memory usage increasing
2026-09-18T20:10:08+00:00,payment-api,WARNING,memory usage increasing
2026-09-18T20:10:38+00:00,payment-api,WARNING,memory usage increasing
2026-09-18T20:11:08+00:00,payment-api,WARNING,memory usage increasing
2026-09-18T20:11:08+00:00,order-service,INFO,heartbeat ok
2026-09-18T20:11:08+00:00,inventory-service,INFO,heartbeat ok
2026-09-18T20:11:08+00:00,auth-service,INFO,heartbeat ok
2026-09-18T20:11:08+00:00,notification-worker,INFO,heartbeat ok
2026-09-18T20:11:38+00:00,payment-api,WARNING,memory usage increasing
2026-09-18T20:12:08+00:00,payment-api,WARNING,memory usage increasing
2026-09-18T20:12:38+00:00,payment-api,WARNING,memory usage increasing
2026-09-18T20:13:08+00:00,payment-api,WARNING,memory usage increasing
2026-09-18T20:13:08+00:00,order-service,INFO,heartbeat ok
2026-09-18T20:13:08+00:00,inventory-service,INFO,heartbeat ok
2026-09-18T20:13:08+00:00,auth-service,INFO,heartbeat ok
2026-09-18T20:13:08+00:00,notification-worker,INFO,heartbeat ok
2026-09-18T20:13:38+00:00,payment-api,WARNING,memory usage increasing
2026-09-18T20:14:08+00:00,payment-api,WARNING,memory usage increasing
2026-09-18T20:14:38+00:00,payment-api,WARNING,memory usage increasing
2026-09-18T20:15:08+00:00,payment-api,WARNING,memory usage increasing
2026-09-18T20:15:08+00:00,order-service,INFO,heartbeat ok
2026-09-18T20:15:08+00:00,inventory-service,INFO,heartbeat ok
2026-09-18T20:15:08+00:00,auth-service,INFO,heartbeat ok
2026-09-18T20:15:08+00:00,notification-worker,INFO,heartbeat ok
2026-09-18T20:15:38+00:00,payment-api,WARNING,memory usage increasing
2026-09-18T20:15:38+00:00,order-service,INFO,request processed
2026-09-18T20:15:38+00:00,inventory-service,INFO,request processed
2026-09-18T20:15:38+00:00,auth-service,INFO,request processed
2026-09-18T20:15:38+00:00,notification-worker,INFO,request processed
2026-09-18T20:16:08+00:00,payment-api,WARNING,memory usage increasing
2026-09-18T20:16:38+00:00,payment-api,WARNING,memory usage increasing
2026-09-18T20:17:08+00:00,payment-api,WARNING,memory usage increasing
2026-09-18T20:17:08+00:00,order-service,INFO,heartbeat ok
2026-09-18T20:17:08+00:00,inventory-service,INFO,heartbeat ok
2026-09-18T20:17:08+00:00,auth-service,INFO,heartbeat ok
2026-09-18T20:17:08+00:00,notification-worker,INFO,heartbeat ok
2026-09-18T20:17:38+00:00,payment-api,WARNING,memory usage increasing
2026-09-18T20:18:08+00:00,payment-api,WARNING,memory usage increasing
2026-09-18T20:18:38+00:00,payment-api,WARNING,memory usage increasing
2026-09-18T20:19:08+00:00,payment-api,WARNING,memory usage increasing
2026-09-18T20:19:08+00:00,order-service,INFO,heartbeat ok
2026-09-18T20:19:08+00:00,inventory-service,INFO,heartbeat ok
2026-09-18T20:19:08+00:00,auth-service,INFO,heartbeat ok
2026-09-18T20:19:08+00:00,notification-worker,INFO,heartbeat ok
2026-09-18T20:19:38+00:00,payment-api,WARNING,memory usage increasing
2026-09-18T20:20:08+00:00,payment-api,WARNING,memory usage increasing
2026-09-18T20:20:38+00:00,payment-api,WARNING,memory usage increasing
2026-09-18T20:21:08+00:00,payment-api,WARNING,memory usage increasing
2026-09-18T20:21:08+00:00,order-service,INFO,heartbeat ok
2026-09-18T20:21:08+00:00,inventory-service,INFO,heartbeat ok
2026-09-18T20:21:08+00:00,auth-service,INFO,heartbeat ok
2026-09-18T20:21:08+00:00,notification-worker,INFO,heartbeat ok
2026-09-18T20:21:38+00:00,payment-api,WARNING,memory usage increasing
2026-09-18T20:22:08+00:00,payment-api,WARNING,memory usage increasing
2026-09-18T20:22:38+00:00,payment-api,WARNING,memory usage increasing
2026-09-18T20:23:08+00:00,payment-api,WARNING,memory usage increasing
2026-09-18T20:23:08+00:00,order-service,INFO,heartbeat ok
2026-09-18T20:23:08+00:00,inventory-service,INFO,heartbeat ok
2026-09-18T20:23:08+00:00,auth-service,INFO,heartbeat ok
2026-09-18T20:23:08+00:00,notification-worker,INFO,heartbeat ok
2026-09-18T20:23:38+00:00,payment-api,WARNING,memory usage increasing
2026-09-18T20:24:08+00:00,payment-api,WARNING,memory usage increasing
2026-09-18T20:24:38+00:00,payment-api,WARNING,memory usage increasing
2026-09-18T20:25:08+00:00,payment-api,WARNING,memory usage increasing
2026-09-18T20:25:08+00:00,order-service,INFO,heartbeat ok
2026-09-18T20:25:08+00:00,inventory-service,INFO,heartbeat ok
2026-09-18T20:25:08+00:00,auth-service,INFO,heartbeat ok
2026-09-18T20:25:08+00:00,notification-worker,INFO,heartbeat ok
2026-09-18T20:25:38+00:00,payment-api,WARNING,memory usage increasing
2026-09-18T20:26:08+00:00,payment-api,WARNING,memory usage increasing
2026-09-18T20:26:38+00:00,payment-api,WARNING,memory usage increasing
2026-09-18T20:27:08+00:00,payment-api,WARNING,memory usage increasing
2026-09-18T20:27:08+00:00,order-service,INFO,heartbeat ok
2026-09-18T20:27:08+00:00,inventory-service,INFO,heartbeat ok
2026-09-18T20:27:08+00:00,auth-service,INFO,heartbeat ok
2026-09-18T20:27:08+00:00,notification-worker,INFO,heartbeat ok
2026-09-18T20:27:38+00:00,payment-api,WARNING,memory usage increasing
2026-09-18T20:28:08+00:00,payment-api,WARNING,memory usage increasing
2026-09-18T20:28:38+00:00,payment-api,WARNING,memory usage increasing
2026-09-18T20:29:08+00:00,payment-api,WARNING,memory usage increasing
2026-09-18T20:29:08+00:00,order-service,INFO,heartbeat ok
2026-09-18T20:29:08+00:00,inventory-service,INFO,heartbeat ok
2026-09-18T20:29:08+00:00,auth-service,INFO,heartbeat ok
2026-09-18T20:29:08+00:00,notification-worker,INFO,heartbeat ok
2026-09-18T20:29:38+00:00,payment-api,ERROR,memory pressure critical: OOM risk detected
2026-09-18T20:30:08+00:00,payment-api,ERROR,memory pressure critical: OOM risk detected
2026-09-18T20:30:38+00:00,payment-api,ERROR,memory pressure critical: OOM risk detected
2026-09-18T20:31:08+00:00,payment-api,ERROR,memory pressure critical: OOM risk detected
2026-09-18T20:31:08+00:00,order-service,INFO,heartbeat ok
2026-09-18T20:31:08+00:00,inventory-service,INFO,heartbeat ok
2026-09-18T20:31:08+00:00,auth-service,INFO,heartbeat ok
2026-09-18T20:31:08+00:00,notification-worker,INFO,heartbeat ok
2026-09-18T20:31:38+00:00,payment-api,ERROR,memory pressure critical: OOM risk detected
2026-09-18T20:32:08+00:00,payment-api,ERROR,memory pressure critical: OOM risk detected
2026-09-18T20:32:38+00:00,payment-api,ERROR,memory pressure critical: OOM risk detected
2026-09-18T20:33:08+00:00,payment-api,ERROR,memory pressure critical: OOM risk detected
2026-09-18T20:33:08+00:00,order-service,INFO,heartbeat ok
2026-09-18T20:33:08+00:00,inventory-service,INFO,heartbeat ok
2026-09-18T20:33:08+00:00,auth-service,INFO,heartbeat ok
2026-09-18T20:33:08+00:00,notification-worker,INFO,heartbeat ok
2026-09-18T20:33:38+00:00,payment-api,ERROR,memory pressure critical: OOM risk detected
2026-09-18T20:34:08+00:00,payment-api,ERROR,memory pressure critical: OOM risk detected
2026-09-18T20:34:38+00:00,payment-api,ERROR,memory pressure critical: OOM risk detected
2026-09-18T20:35:08+00:00,payment-api,ERROR,memory pressure critical: OOM risk detected
2026-09-18T20:35:08+00:00,order-service,INFO,heartbeat ok
2026-09-18T20:35:08+00:00,inventory-service,INFO,heartbeat ok
2026-09-18T20:35:08+00:00,auth-service,INFO,heartbeat ok
2026-09-18T20:35:08+00:00,notification-worker,INFO,heartbeat ok
2026-09-18T20:35:38+00:00,payment-api,ERROR,memory pressure critical: OOM risk detected
2026-09-18T20:36:08+00:00,payment-api,ERROR,memory pressure critical: OOM risk detected
2026-09-18T20:36:38+00:00,payment-api,ERROR,memory pressure critical: OOM risk detected
2026-09-18T20:37:08+00:00,payment-api,ERROR,memory pressure critical: OOM risk detected
2026-09-18T20:37:08+00:00,order-service,INFO,heartbeat ok
2026-09-18T20:37:08+00:00,inventory-service,INFO,heartbeat ok
2026-09-18T20:37:08+00:00,auth-service,INFO,heartbeat ok
2026-09-18T20:37:08+00:00,notification-worker,INFO,heartbeat ok
2026-09-18T20:37:38+00:00,payment-api,ERROR,memory pressure critical: OOM risk detected
2026-09-18T20:38:08+00:00,payment-api,ERROR,memory pressure critical: OOM risk detected
2026-09-18T20:38:38+00:00,payment-api,ERROR,memory pressure critical: OOM risk detected
2026-09-18T20:39:08+00:00,payment-api,ERROR,memory pressure critical: OOM risk detected
2026-09-18T20:39:08+00:00,order-service,INFO,heartbeat ok
2026-09-18T20:39:08+00:00,inventory-service,INFO,heartbeat ok
2026-09-18T20:39:08+00:00,auth-service,INFO,heartbeat ok
2026-09-18T20:39:08+00:00,notification-worker,INFO,heartbeat ok
2026-09-18T20:39:38+00:00,payment-api,ERROR,memory pressure critical: OOM risk detected
2026-09-18T20:40:08+00:00,payment-api,ERROR,memory pressure critical: OOM risk detected
2026-09-18T20:40:38+00:00,payment-api,ERROR,memory pressure critical: OOM risk detected
2026-09-18T20:41:08+00:00,payment-api,ERROR,memory pressure critical: OOM risk detected
2026-09-18T20:41:08+00:00,order-service,INFO,heartbeat ok
2026-09-18T20:41:08+00:00,inventory-service,INFO,heartbeat ok
2026-09-18T20:41:08+00:00,auth-service,INFO,heartbeat ok
2026-09-18T20:41:08+00:00,notification-worker,INFO,heartbeat ok
2026-09-18T20:41:38+00:00,payment-api,ERROR,memory pressure critical: OOM risk detected
2026-09-18T20:42:08+00:00,payment-api,ERROR,memory pressure critical: OOM risk detected
2026-09-18T20:42:38+00:00,payment-api,ERROR,memory pressure critical: OOM risk detected
2026-09-18T20:43:08+00:00,payment-api,ERROR,memory pressure critical: OOM risk detected
2026-09-18T20:43:08+00:00,order-service,INFO,heartbeat ok
2026-09-18T20:43:08+00:00,inventory-service,INFO,heartbeat ok
2026-09-18T20:43:08+00:00,auth-service,INFO,heartbeat ok
2026-09-18T20:43:08+00:00,notification-worker,INFO,heartbeat ok
2026-09-18T20:43:38+00:00,payment-api,ERROR,memory pressure critical: OOM risk detected
2026-09-18T20:44:08+00:00,payment-api,ERROR,memory pressure critical: OOM risk detected
2026-09-18T20:44:38+00:00,payment-api,ERROR,memory pressure critical: OOM risk detected
2026-09-18T20:45:08+00:00,payment-api,ERROR,memory pressure critical: OOM risk detected
2026-09-18T20:45:08+00:00,order-service,INFO,heartbeat ok
2026-09-18T20:45:08+00:00,inventory-service,INFO,heartbeat ok
2026-09-18T20:45:08+00:00,auth-service,INFO,heartbeat ok
2026-09-18T20:45:08+00:00,notification-worker,INFO,heartbeat ok
2026-09-18T20:45:38+00:00,payment-api,ERROR,memory pressure critical: OOM risk detected
2026-09-18T20:46:08+00:00,payment-api,ERROR,memory pressure critical: OOM risk detected
2026-09-18T20:46:38+00:00,payment-api,ERROR,memory pressure critical: OOM risk detected
2026-09-18T20:46:38+00:00,order-service,INFO,request processed
2026-09-18T20:46:38+00:00,inventory-service,INFO,request processed
2026-09-18T20:46:38+00:00,auth-service,INFO,request processed
2026-09-18T20:46:38+00:00,notification-worker,INFO,request processed
2026-09-18T20:47:08+00:00,payment-api,ERROR,memory pressure critical: OOM risk detected
2026-09-18T20:47:08+00:00,order-service,INFO,heartbeat ok
2026-09-18T20:47:08+00:00,inventory-service,INFO,heartbeat ok
2026-09-18T20:47:08+00:00,auth-service,INFO,heartbeat ok
2026-09-18T20:47:08+00:00,notification-worker,INFO,heartbeat ok
2026-09-18T20:47:38+00:00,payment-api,ERROR,memory pressure critical: OOM risk detected
2026-09-18T20:48:08+00:00,payment-api,ERROR,memory pressure critical: OOM risk detected
2026-09-18T20:48:38+00:00,payment-api,ERROR,memory pressure critical: OOM risk detected
2026-09-18T20:49:08+00:00,payment-api,ERROR,memory pressure critical: OOM risk detected
2026-09-18T20:49:08+00:00,order-service,INFO,heartbeat ok
2026-09-18T20:49:08+00:00,inventory-service,INFO,heartbeat ok
2026-09-18T20:49:08+00:00,auth-service,INFO,heartbeat ok
2026-09-18T20:49:08+00:00,notification-worker,INFO,heartbeat ok
2026-09-18T20:49:38+00:00,payment-api,ERROR,memory pressure critical: OOM risk detected
2026-09-18T20:49:38+00:00,order-service,WARNING,slow query detected
2026-09-18T20:49:38+00:00,inventory-service,WARNING,slow query detected
2026-09-18T20:49:38+00:00,auth-service,WARNING,slow query detected
2026-09-18T20:49:38+00:00,notification-worker,WARNING,slow query detected
2026-09-18T20:50:08+00:00,payment-api,ERROR,memory pressure critical: OOM risk detected
2026-09-18T20:50:38+00:00,payment-api,ERROR,memory pressure critical: OOM risk detected
2026-09-18T20:51:08+00:00,payment-api,ERROR,memory pressure critical: OOM risk detected
2026-09-18T20:51:08+00:00,order-service,INFO,heartbeat ok
2026-09-18T20:51:08+00:00,inventory-service,INFO,heartbeat ok
2026-09-18T20:51:08+00:00,auth-service,INFO,heartbeat ok
2026-09-18T20:51:08+00:00,notification-worker,INFO,heartbeat ok
2026-09-18T20:51:38+00:00,payment-api,ERROR,memory pressure critical: OOM risk detected
2026-09-18T20:52:08+00:00,payment-api,ERROR,memory pressure critical: OOM risk detected
2026-09-18T20:52:38+00:00,payment-api,ERROR,memory pressure critical: OOM risk detected
2026-09-18T20:53:08+00:00,payment-api,ERROR,memory pressure critical: OOM risk detected
2026-09-18T20:53:08+00:00,order-service,INFO,heartbeat ok
2026-09-18T20:53:08+00:00,inventory-service,INFO,heartbeat ok
2026-09-18T20:53:08+00:00,auth-service,INFO,heartbeat ok
2026-09-18T20:53:08+00:00,notification-worker,INFO,heartbeat ok
2026-09-18T20:53:38+00:00,payment-api,ERROR,memory pressure critical: OOM risk detected
2026-09-18T20:54:08+00:00,payment-api,ERROR,memory pressure critical: OOM risk detected
2026-09-18T20:54:38+00:00,payment-api,ERROR,memory pressure critical: OOM risk detected
2026-09-18T20:55:08+00:00,payment-api,ERROR,memory pressure critical: OOM risk detected
2026-09-18T20:55:08+00:00,order-service,INFO,heartbeat ok
2026-09-18T20:55:08+00:00,inventory-service,INFO,heartbeat ok
2026-09-18T20:55:08+00:00,auth-service,INFO,heartbeat ok
2026-09-18T20:55:08+00:00,notification-worker,INFO,heartbeat ok
2026-09-18T20:55:38+00:00,payment-api,ERROR,memory pressure critical: OOM risk detected
2026-09-18T20:56:08+00:00,payment-api,ERROR,memory pressure critical: OOM risk detected
2026-09-18T20:56:38+00:00,payment-api,ERROR,memory pressure critical: OOM risk detected
2026-09-18T20:57:08+00:00,payment-api,ERROR,memory pressure critical: OOM risk detected
2026-09-18T20:57:08+00:00,order-service,INFO,heartbeat ok
2026-09-18T20:57:08+00:00,inventory-service,INFO,heartbeat ok
2026-09-18T20:57:08+00:00,auth-service,INFO,heartbeat ok
2026-09-18T20:57:08+00:00,notification-worker,INFO,heartbeat ok
2026-09-18T20:57:38+00:00,payment-api,ERROR,memory pressure critical: OOM risk detected
2026-09-18T20:58:08+00:00,payment-api,ERROR,memory pressure critical: OOM risk detected
2026-09-18T20:58:38+00:00,payment-api,ERROR,memory pressure critical: OOM risk detected
2026-09-18T20:59:08+00:00,payment-api,ERROR,memory pressure critical: OOM risk detected
2026-09-18T20:59:08+00:00,order-service,INFO,heartbeat ok
2026-09-18T20:59:08+00:00,inventory-service,INFO,heartbeat ok
2026-09-18T20:59:08+00:00,auth-service,INFO,heartbeat ok
2026-09-18T20:59:08+00:00,notification-worker,INFO,heartbeat ok
2026-09-18T20:59:38+00:00,payment-api,ERROR,memory pressure critical: OOM risk detected
2026-09-18T21:00:08+00:00,payment-api,ERROR,memory pressure critical: OOM risk detected
2026-09-18T21:00:38+00:00,payment-api,ERROR,memory pressure critical: OOM risk detected
2026-09-18T21:01:08+00:00,payment-api,ERROR,memory pressure critical: OOM risk detected
2026-09-18T21:01:08+00:00,order-service,INFO,heartbeat ok
2026-09-18T21:01:08+00:00,inventory-service,INFO,heartbeat ok
2026-09-18T21:01:08+00:00,auth-service,INFO,heartbeat ok
2026-09-18T21:01:08+00:00,notification-worker,INFO,heartbeat ok
2026-09-18T21:01:38+00:00,payment-api,ERROR,memory pressure critical: OOM risk detected
2026-09-18T21:02:08+00:00,payment-api,ERROR,memory pressure critical: OOM risk detected
2026-09-18T21:02:08+00:00,order-service,INFO,request processed
2026-09-18T21:02:08+00:00,inventory-service,INFO,request processed
2026-09-18T21:02:08+00:00,auth-service,INFO,request processed
2026-09-18T21:02:08+00:00,notification-worker,INFO,request processed
2026-09-18T21:02:38+00:00,payment-api,ERROR,memory pressure critical: OOM risk detected
2026-09-18T21:03:08+00:00,payment-api,ERROR,memory pressure critical: OOM risk detected
2026-09-18T21:03:08+00:00,order-service,INFO,heartbeat ok
2026-09-18T21:03:08+00:00,inventory-service,INFO,heartbeat ok
2026-09-18T21:03:08+00:00,auth-service,INFO,heartbeat ok
2026-09-18T21:03:08+00:00,notification-worker,INFO,heartbeat ok
2026-09-18T21:03:38+00:00,payment-api,ERROR,memory pressure critical: OOM risk detected
2026-09-18T21:04:08+00:00,payment-api,ERROR,memory pressure critical: OOM risk detected
2026-09-18T21:04:38+00:00,payment-api,ERROR,memory pressure critical: OOM risk detected
2026-09-18T21:05:08+00:00,payment-api,ERROR,memory pressure critical: OOM risk detected
2026-09-18T21:05:08+00:00,order-service,INFO,heartbeat ok
2026-09-18T21:05:08+00:00,inventory-service,INFO,heartbeat ok
2026-09-18T21:05:08+00:00,auth-service,INFO,heartbeat ok
2026-09-18T21:05:08+00:00,notification-worker,INFO,heartbeat ok
2026-09-18T21:05:38+00:00,payment-api,ERROR,memory pressure critical: OOM risk detected
2026-09-18T21:06:08+00:00,payment-api,ERROR,memory pressure critical: OOM risk detected
2026-09-18T21:06:38+00:00,payment-api,ERROR,memory pressure critical: OOM risk detected
2026-09-18T21:07:08+00:00,payment-api,ERROR,memory pressure critical: OOM risk detected
2026-09-18T21:07:08+00:00,order-service,INFO,heartbeat ok
2026-09-18T21:07:08+00:00,inventory-service,INFO,heartbeat ok
2026-09-18T21:07:08+00:00,auth-service,INFO,heartbeat ok
2026-09-18T21:07:08+00:00,notification-worker,INFO,heartbeat ok
2026-09-18T21:07:38+00:00,payment-api,ERROR,memory pressure critical: OOM risk detected
2026-09-18T21:08:08+00:00,payment-api,ERROR,memory pressure critical: OOM risk detected
2026-09-18T21:08:38+00:00,payment-api,ERROR,memory pressure critical: OOM risk detected
2026-09-18T21:09:08+00:00,payment-api,ERROR,memory pressure critical: OOM risk detected
2026-09-18T21:09:08+00:00,order-service,INFO,heartbeat ok
2026-09-18T21:09:08+00:00,inventory-service,INFO,heartbeat ok
2026-09-18T21:09:08+00:00,auth-service,INFO,heartbeat ok
2026-09-18T21:09:08+00:00,notification-worker,INFO,heartbeat ok
2026-09-18T21:09:38+00:00,payment-api,ERROR,memory pressure critical: OOM risk detected
2026-09-18T21:10:08+00:00,payment-api,ERROR,memory pressure critical: OOM risk detected
2026-09-18T21:10:38+00:00,payment-api,ERROR,memory pressure critical: OOM risk detected
2026-09-18T21:11:08+00:00,payment-api,ERROR,memory pressure critical: OOM risk detected
2026-09-18T21:11:08+00:00,order-service,INFO,heartbeat ok
2026-09-18T21:11:08+00:00,inventory-service,INFO,heartbeat ok
2026-09-18T21:11:08+00:00,auth-service,INFO,heartbeat ok
2026-09-18T21:11:08+00:00,notification-worker,INFO,heartbeat ok
2026-09-18T21:11:38+00:00,payment-api,ERROR,memory pressure critical: OOM risk detected
2026-09-18T21:12:08+00:00,payment-api,ERROR,memory pressure critical: OOM risk detected
2026-09-18T21:12:38+00:00,payment-api,ERROR,memory pressure critical: OOM risk detected
2026-09-18T21:13:08+00:00,payment-api,ERROR,memory pressure critical: OOM risk detected
2026-09-18T21:13:08+00:00,order-service,INFO,heartbeat ok
2026-09-18T21:13:08+00:00,inventory-service,INFO,heartbeat ok
2026-09-18T21:13:08+00:00,auth-service,INFO,heartbeat ok
2026-09-18T21:13:08+00:00,notification-worker,INFO,heartbeat ok
2026-09-18T21:13:38+00:00,payment-api,ERROR,memory pressure critical: OOM risk detected
2026-09-18T21:14:08+00:00,payment-api,ERROR,memory pressure critical: OOM risk detected
2026-09-18T21:14:38+00:00,payment-api,ERROR,memory pressure critical: OOM risk detected
2026-09-18T21:15:08+00:00,payment-api,ERROR,memory pressure critical: OOM risk detected
2026-09-18T21:15:08+00:00,order-service,INFO,heartbeat ok
2026-09-18T21:15:08+00:00,inventory-service,INFO,heartbeat ok
2026-09-18T21:15:08+00:00,auth-service,INFO,heartbeat ok
2026-09-18T21:15:08+00:00,notification-worker,INFO,heartbeat ok
2026-09-18T21:15:38+00:00,payment-api,ERROR,memory pressure critical: OOM risk detected
2026-09-18T21:16:08+00:00,payment-api,ERROR,memory pressure critical: OOM risk detected
2026-09-18T21:16:38+00:00,payment-api,ERROR,memory pressure critical: OOM risk detected
2026-09-18T21:16:38+00:00,order-service,WARNING,connection retry
2026-09-18T21:16:38+00:00,inventory-service,WARNING,connection retry
2026-09-18T21:16:38+00:00,auth-service,WARNING,connection retry
2026-09-18T21:16:38+00:00,notification-worker,WARNING,connection retry
2026-09-18T21:17:08+00:00,payment-api,ERROR,memory pressure critical: OOM risk detected
2026-09-18T21:17:08+00:00,order-service,INFO,heartbeat ok
2026-09-18T21:17:08+00:00,inventory-service,INFO,heartbeat ok
2026-09-18T21:17:08+00:00,auth-service,INFO,heartbeat ok
2026-09-18T21:17:08+00:00,notification-worker,INFO,heartbeat ok
2026-09-18T21:17:38+00:00,payment-api,ERROR,memory pressure critical: OOM risk detected
2026-09-18T21:17:38+00:00,order-service,INFO,request processed
2026-09-18T21:17:38+00:00,inventory-service,INFO,request processed
2026-09-18T21:17:38+00:00,auth-service,INFO,request processed
2026-09-18T21:17:38+00:00,notification-worker,INFO,request processed
2026-09-18T21:18:08+00:00,payment-api,ERROR,memory pressure critical: OOM risk detected
2026-09-18T21:18:38+00:00,payment-api,ERROR,memory pressure critical: OOM risk detected
2026-09-18T21:19:08+00:00,payment-api,ERROR,memory pressure critical: OOM risk detected
2026-09-18T21:19:08+00:00,order-service,INFO,heartbeat ok
2026-09-18T21:19:08+00:00,inventory-service,INFO,heartbeat ok
2026-09-18T21:19:08+00:00,auth-service,INFO,heartbeat ok
2026-09-18T21:19:08+00:00,notification-worker,INFO,heartbeat ok
2026-09-18T21:19:38+00:00,payment-api,ERROR,memory pressure critical: OOM risk detected
2026-09-18T21:20:08+00:00,payment-api,ERROR,memory pressure critical: OOM risk detected
2026-09-18T21:20:38+00:00,payment-api,ERROR,memory pressure critical: OOM risk detected
2026-09-18T21:21:08+00:00,payment-api,ERROR,memory pressure critical: OOM risk detected
2026-09-18T21:21:08+00:00,order-service,INFO,heartbeat ok
2026-09-18T21:21:08+00:00,inventory-service,INFO,heartbeat ok
2026-09-18T21:21:08+00:00,auth-service,INFO,heartbeat ok
2026-09-18T21:21:08+00:00,notification-worker,INFO,heartbeat ok
2026-09-18T21:21:38+00:00,payment-api,ERROR,memory pressure critical: OOM risk detected
2026-09-18T21:22:08+00:00,payment-api,ERROR,memory pressure critical: OOM risk detected
2026-09-18T21:22:38+00:00,payment-api,ERROR,memory pressure critical: OOM risk detected
2026-09-18T21:23:08+00:00,payment-api,ERROR,memory pressure critical: OOM risk detected
2026-09-18T21:23:08+00:00,order-service,INFO,heartbeat ok
2026-09-18T21:23:08+00:00,inventory-service,INFO,heartbeat ok
2026-09-18T21:23:08+00:00,auth-service,INFO,heartbeat ok
2026-09-18T21:23:08+00:00,notification-worker,INFO,heartbeat ok
2026-09-18T21:23:38+00:00,payment-api,ERROR,memory pressure critical: OOM risk detected
2026-09-18T21:24:08+00:00,payment-api,ERROR,memory pressure critical: OOM risk detected
2026-09-18T21:24:38+00:00,payment-api,ERROR,memory pressure critical: OOM risk detected
2026-09-18T21:25:08+00:00,payment-api,ERROR,memory pressure critical: OOM risk detected
2026-09-18T21:25:08+00:00,order-service,INFO,heartbeat ok
2026-09-18T21:25:08+00:00,inventory-service,INFO,heartbeat ok
2026-09-18T21:25:08+00:00,auth-service,INFO,heartbeat ok
2026-09-18T21:25:08+00:00,notification-worker,INFO,heartbeat ok
2026-09-18T21:25:38+00:00,payment-api,ERROR,memory pressure critical: OOM risk detected
2026-09-18T21:26:08+00:00,payment-api,ERROR,memory pressure critical: OOM risk detected
2026-09-18T21:26:38+00:00,payment-api,ERROR,memory pressure critical: OOM risk detected
2026-09-18T21:27:08+00:00,payment-api,ERROR,memory pressure critical: OOM risk detected
2026-09-18T21:27:08+00:00,order-service,INFO,heartbeat ok
2026-09-18T21:27:08+00:00,inventory-service,INFO,heartbeat ok
2026-09-18T21:27:08+00:00,auth-service,INFO,heartbeat ok
2026-09-18T21:27:08+00:00,notification-worker,INFO,heartbeat ok
2026-09-18T21:27:38+00:00,payment-api,ERROR,memory pressure critical: OOM risk detected
2026-09-18T21:28:08+00:00,payment-api,ERROR,memory pressure critical: OOM risk detected
2026-09-18T21:28:38+00:00,payment-api,ERROR,memory pressure critical: OOM risk detected
2026-09-18T21:29:08+00:00,payment-api,ERROR,memory pressure critical: OOM risk detected
2026-09-18T21:29:08+00:00,order-service,INFO,heartbeat ok
2026-09-18T21:29:08+00:00,inventory-service,INFO,heartbeat ok
2026-09-18T21:29:08+00:00,auth-service,INFO,heartbeat ok
2026-09-18T21:29:08+00:00,notification-worker,INFO,heartbeat ok
2026-09-18T21:29:38+00:00,payment-api,ERROR,memory pressure critical: OOM risk detected
2026-09-18T21:30:08+00:00,payment-api,ERROR,memory pressure critical: OOM risk detected
2026-09-18T21:30:38+00:00,payment-api,ERROR,memory pressure critical: OOM risk detected
2026-09-18T21:31:08+00:00,payment-api,ERROR,memory pressure critical: OOM risk detected
2026-09-18T21:31:08+00:00,order-service,INFO,heartbeat ok
2026-09-18T21:31:08+00:00,inventory-service,INFO,heartbeat ok
2026-09-18T21:31:08+00:00,auth-service,INFO,heartbeat ok
2026-09-18T21:31:08+00:00,notification-worker,INFO,heartbeat ok
2026-09-18T21:31:38+00:00,payment-api,ERROR,memory pressure critical: OOM risk detected
2026-09-18T21:32:08+00:00,payment-api,ERROR,memory pressure critical: OOM risk detected
2026-09-18T21:32:38+00:00,payment-api,ERROR,memory pressure critical: OOM risk detected
2026-09-18T21:33:08+00:00,payment-api,ERROR,memory pressure critical: OOM risk detected
2026-09-18T21:33:08+00:00,order-service,INFO,heartbeat ok
2026-09-18T21:33:08+00:00,inventory-service,INFO,heartbeat ok
2026-09-18T21:33:08+00:00,auth-service,INFO,heartbeat ok
2026-09-18T21:33:08+00:00,notification-worker,INFO,heartbeat ok
2026-09-18T21:33:38+00:00,payment-api,ERROR,memory pressure critical: OOM risk detected
2026-09-18T21:34:08+00:00,payment-api,ERROR,memory pressure critical: OOM risk detected
2026-09-18T21:34:38+00:00,payment-api,ERROR,memory pressure critical: OOM risk detected
2026-09-18T21:35:08+00:00,payment-api,ERROR,memory pressure critical: OOM risk detected
2026-09-18T21:35:08+00:00,order-service,INFO,heartbeat ok
2026-09-18T21:35:08+00:00,inventory-service,INFO,heartbeat ok
2026-09-18T21:35:08+00:00,auth-service,INFO,heartbeat ok
2026-09-18T21:35:08+00:00,notification-worker,INFO,heartbeat ok
2026-09-18T21:35:38+00:00,payment-api,ERROR,memory pressure critical: OOM risk detected
2026-09-18T21:36:08+00:00,payment-api,ERROR,memory pressure critical: OOM risk detected
2026-09-18T21:36:38+00:00,payment-api,ERROR,memory pressure critical: OOM risk detected
2026-09-18T21:37:08+00:00,payment-api,ERROR,memory pressure critical: OOM risk detected
2026-09-18T21:37:08+00:00,order-service,INFO,heartbeat ok
2026-09-18T21:37:08+00:00,inventory-service,INFO,heartbeat ok
2026-09-18T21:37:08+00:00,auth-service,INFO,heartbeat ok
2026-09-18T21:37:08+00:00,notification-worker,INFO,heartbeat ok
2026-09-18T21:37:38+00:00,payment-api,ERROR,memory pressure critical: OOM risk detected
2026-09-18T21:38:08+00:00,payment-api,ERROR,memory pressure critical: OOM risk detected
2026-09-18T21:38:08+00:00,order-service,WARNING,slow query detected
2026-09-18T21:38:08+00:00,inventory-service,WARNING,slow query detected
2026-09-18T21:38:08+00:00,auth-service,WARNING,slow query detected
2026-09-18T21:38:08+00:00,notification-worker,WARNING,slow query detected
2026-09-18T21:38:38+00:00,payment-api,ERROR,memory pressure critical: OOM risk detected
2026-09-18T21:39:08+00:00,payment-api,ERROR,memory pressure critical: OOM risk detected
2026-09-18T21:39:08+00:00,order-service,INFO,heartbeat ok
2026-09-18T21:39:08+00:00,inventory-service,INFO,heartbeat ok
2026-09-18T21:39:08+00:00,auth-service,INFO,heartbeat ok
2026-09-18T21:39:08+00:00,notification-worker,INFO,heartbeat ok
2026-09-18T21:39:38+00:00,payment-api,ERROR,memory pressure critical: OOM risk detected
2026-09-18T21:40:08+00:00,payment-api,ERROR,memory pressure critical: OOM risk detected
2026-09-18T21:40:38+00:00,payment-api,ERROR,memory pressure critical: OOM risk detected
2026-09-18T21:41:08+00:00,payment-api,ERROR,memory pressure critical: OOM risk detected
2026-09-18T21:41:08+00:00,order-service,INFO,heartbeat ok
2026-09-18T21:41:08+00:00,inventory-service,INFO,heartbeat ok
2026-09-18T21:41:08+00:00,auth-service,INFO,heartbeat ok
2026-09-18T21:41:08+00:00,notification-worker,INFO,heartbeat ok
2026-09-18T21:41:38+00:00,payment-api,ERROR,memory pressure critical: OOM risk detected
2026-09-18T21:42:08+00:00,payment-api,ERROR,memory pressure critical: OOM risk detected
2026-09-18T21:42:38+00:00,payment-api,ERROR,memory pressure critical: OOM risk detected
2026-09-18T21:43:08+00:00,payment-api,ERROR,memory pressure critical: OOM risk detected
2026-09-18T21:43:08+00:00,order-service,INFO,heartbeat ok
2026-09-18T21:43:08+00:00,inventory-service,INFO,heartbeat ok
2026-09-18T21:43:08+00:00,auth-service,INFO,heartbeat ok
2026-09-18T21:43:08+00:00,notification-worker,INFO,heartbeat ok
2026-09-18T21:43:38+00:00,payment-api,ERROR,memory pressure critical: OOM risk detected
2026-09-18T21:44:08+00:00,payment-api,ERROR,memory pressure critical: OOM risk detected
2026-09-18T21:44:38+00:00,payment-api,ERROR,memory pressure critical: OOM risk detected
2026-09-18T21:45:08+00:00,payment-api,ERROR,memory pressure critical: OOM risk detected
2026-09-18T21:45:08+00:00,order-service,INFO,heartbeat ok
2026-09-18T21:45:08+00:00,inventory-service,INFO,heartbeat ok
2026-09-18T21:45:08+00:00,auth-service,INFO,heartbeat ok
2026-09-18T21:45:08+00:00,notification-worker,INFO,heartbeat ok
2026-09-18T21:45:38+00:00,payment-api,ERROR,memory pressure critical: OOM risk detected
2026-09-18T21:46:08+00:00,payment-api,ERROR,memory pressure critical: OOM risk detected
2026-09-18T21:46:38+00:00,payment-api,ERROR,memory pressure critical: OOM risk detected
2026-09-18T21:47:08+00:00,payment-api,ERROR,memory pressure critical: OOM risk detected
2026-09-18T21:47:08+00:00,order-service,INFO,heartbeat ok
2026-09-18T21:47:08+00:00,inventory-service,INFO,heartbeat ok
2026-09-18T21:47:08+00:00,auth-service,INFO,heartbeat ok
2026-09-18T21:47:08+00:00,notification-worker,INFO,heartbeat ok
2026-09-18T21:47:38+00:00,payment-api,ERROR,memory pressure critical: OOM risk detected
2026-09-18T21:48:08+00:00,payment-api,ERROR,memory pressure critical: OOM risk detected
2026-09-18T21:48:38+00:00,payment-api,ERROR,memory pressure critical: OOM risk detected
2026-09-18T21:48:38+00:00,order-service,INFO,request processed
2026-09-18T21:48:38+00:00,inventory-service,INFO,request processed
2026-09-18T21:48:38+00:00,auth-service,INFO,request processed
2026-09-18T21:48:38+00:00,notification-worker,INFO,request processed
2026-09-18T21:49:08+00:00,payment-api,ERROR,memory pressure critical: OOM risk detected
2026-09-18T21:49:08+00:00,order-service,INFO,heartbeat ok
2026-09-18T21:49:08+00:00,inventory-service,INFO,heartbeat ok
2026-09-18T21:49:08+00:00,auth-service,INFO,heartbeat ok
2026-09-18T21:49:08+00:00,notification-worker,INFO,heartbeat ok
2026-09-18T21:49:38+00:00,payment-api,ERROR,memory pressure critical: OOM risk detected
2026-09-18T21:50:08+00:00,payment-api,ERROR,memory pressure critical: OOM risk detected
2026-09-18T21:50:38+00:00,payment-api,ERROR,memory pressure critical: OOM risk detected
2026-09-18T21:51:08+00:00,payment-api,ERROR,memory pressure critical: OOM risk detected
2026-09-18T21:51:08+00:00,order-service,INFO,heartbeat ok
2026-09-18T21:51:08+00:00,inventory-service,INFO,heartbeat ok
2026-09-18T21:51:08+00:00,auth-service,INFO,heartbeat ok
2026-09-18T21:51:08+00:00,notification-worker,INFO,heartbeat ok
2026-09-18T21:51:38+00:00,payment-api,ERROR,memory pressure critical: OOM risk detected
2026-09-18T21:52:08+00:00,payment-api,ERROR,memory pressure critical: OOM risk detected
2026-09-18T21:52:38+00:00,payment-api,ERROR,memory pressure critical: OOM risk detected
2026-09-18T21:53:08+00:00,payment-api,ERROR,memory pressure critical: OOM risk detected
2026-09-18T21:53:08+00:00,order-service,INFO,heartbeat ok
2026-09-18T21:53:08+00:00,inventory-service,INFO,heartbeat ok
2026-09-18T21:53:08+00:00,auth-service,INFO,heartbeat ok
2026-09-18T21:53:08+00:00,notification-worker,INFO,heartbeat ok
2026-09-18T21:53:38+00:00,payment-api,ERROR,memory pressure critical: OOM risk detected
2026-09-18T21:54:08+00:00,payment-api,ERROR,memory pressure critical: OOM risk detected
2026-09-18T21:54:38+00:00,payment-api,ERROR,memory pressure critical: OOM risk detected
2026-09-18T21:55:08+00:00,payment-api,ERROR,memory pressure critical: OOM risk detected
2026-09-18T21:55:08+00:00,order-service,INFO,heartbeat ok
2026-09-18T21:55:08+00:00,inventory-service,INFO,heartbeat ok
2026-09-18T21:55:08+00:00,auth-service,INFO,heartbeat ok
2026-09-18T21:55:08+00:00,notification-worker,INFO,heartbeat ok
2026-09-18T21:55:38+00:00,payment-api,ERROR,memory pressure critical: OOM risk detected
2026-09-18T21:56:08+00:00,payment-api,ERROR,memory pressure critical: OOM risk detected
2026-09-18T21:56:38+00:00,payment-api,ERROR,memory pressure critical: OOM risk detected
2026-09-18T21:57:08+00:00,payment-api,ERROR,memory pressure critical: OOM risk detected
2026-09-18T21:57:08+00:00,order-service,INFO,heartbeat ok
2026-09-18T21:57:08+00:00,inventory-service,INFO,heartbeat ok
2026-09-18T21:57:08+00:00,auth-service,INFO,heartbeat ok
2026-09-18T21:57:08+00:00,notification-worker,INFO,heartbeat ok
2026-09-18T21:57:38+00:00,payment-api,ERROR,memory pressure critical: OOM risk detected
2026-09-18T21:58:08+00:00,payment-api,ERROR,memory pressure critical: OOM risk detected
2026-09-18T21:58:38+00:00,payment-api,ERROR,memory pressure critical: OOM risk detected
2026-09-18T21:59:08+00:00,payment-api,ERROR,memory pressure critical: OOM risk detected
2026-09-18T21:59:08+00:00,order-service,INFO,heartbeat ok
2026-09-18T21:59:08+00:00,inventory-service,INFO,heartbeat ok
2026-09-18T21:59:08+00:00,auth-service,INFO,heartbeat ok
2026-09-18T21:59:08+00:00,notification-worker,INFO,heartbeat ok
2026-09-18T21:59:38+00:00,payment-api,ERROR,memory pressure critical: OOM risk detected
2026-09-18T22:00:08+00:00,payment-api,ERROR,memory pressure critical: OOM risk detected
2026-09-18T22:00:38+00:00,payment-api,ERROR,memory pressure critical: OOM risk detected
2026-09-18T22:01:08+00:00,payment-api,ERROR,memory pressure critical: OOM risk detected
2026-09-18T22:01:08+00:00,order-service,INFO,heartbeat ok
2026-09-18T22:01:08+00:00,inventory-service,INFO,heartbeat ok
2026-09-18T22:01:08+00:00,auth-service,INFO,heartbeat ok
2026-09-18T22:01:08+00:00,notification-worker,INFO,heartbeat ok
2026-09-18T22:01:38+00:00,payment-api,ERROR,memory pressure critical: OOM risk detected
2026-09-18T22:02:08+00:00,payment-api,ERROR,memory pressure critical: OOM risk detected
2026-09-18T22:02:38+00:00,payment-api,ERROR,memory pressure critical: OOM risk detected
2026-09-18T22:03:08+00:00,payment-api,ERROR,memory pressure critical: OOM risk detected
2026-09-18T22:03:08+00:00,order-service,INFO,heartbeat ok
2026-09-18T22:03:08+00:00,inventory-service,INFO,heartbeat ok
2026-09-18T22:03:08+00:00,auth-service,INFO,heartbeat ok
2026-09-18T22:03:08+00:00,notification-worker,INFO,heartbeat ok
2026-09-18T22:03:38+00:00,payment-api,ERROR,memory pressure critical: OOM risk detected
2026-09-18T22:04:08+00:00,payment-api,ERROR,memory pressure critical: OOM risk detected
2026-09-18T22:04:08+00:00,order-service,INFO,request processed
2026-09-18T22:04:08+00:00,inventory-service,INFO,request processed
2026-09-18T22:04:08+00:00,auth-service,INFO,request processed
2026-09-18T22:04:08+00:00,notification-worker,INFO,request processed
2026-09-18T22:04:38+00:00,payment-api,ERROR,memory pressure critical: OOM risk detected
2026-09-18T22:05:08+00:00,payment-api,ERROR,memory pressure critical: OOM risk detected
2026-09-18T22:05:08+00:00,order-service,INFO,heartbeat ok
2026-09-18T22:05:08+00:00,inventory-service,INFO,heartbeat ok
2026-09-18T22:05:08+00:00,auth-service,INFO,heartbeat ok
2026-09-18T22:05:08+00:00,notification-worker,INFO,heartbeat ok
2026-09-18T22:07:08+00:00,payment-api,INFO,heartbeat ok
2026-09-18T22:07:08+00:00,order-service,INFO,heartbeat ok
2026-09-18T22:07:08+00:00,inventory-service,INFO,heartbeat ok
2026-09-18T22:07:08+00:00,auth-service,INFO,heartbeat ok
2026-09-18T22:07:08+00:00,notification-worker,INFO,heartbeat ok
2026-09-18T22:09:08+00:00,payment-api,INFO,heartbeat ok
2026-09-18T22:09:08+00:00,order-service,INFO,heartbeat ok
2026-09-18T22:09:08+00:00,inventory-service,INFO,heartbeat ok
2026-09-18T22:09:08+00:00,auth-service,INFO,heartbeat ok
2026-09-18T22:09:08+00:00,notification-worker,INFO,heartbeat ok
2026-09-18T22:11:08+00:00,payment-api,INFO,heartbeat ok
2026-09-18T22:11:08+00:00,order-service,INFO,heartbeat ok
2026-09-18T22:11:08+00:00,inventory-service,INFO,heartbeat ok
2026-09-18T22:11:08+00:00,auth-service,INFO,heartbeat ok
2026-09-18T22:11:08+00:00,notification-worker,INFO,heartbeat ok
2026-09-18T22:13:08+00:00,payment-api,INFO,heartbeat ok
2026-09-18T22:13:08+00:00,order-service,INFO,heartbeat ok
2026-09-18T22:13:08+00:00,inventory-service,INFO,heartbeat ok
2026-09-18T22:13:08+00:00,auth-service,INFO,heartbeat ok
2026-09-18T22:13:08+00:00,notification-worker,INFO,heartbeat ok
2026-09-18T22:15:08+00:00,payment-api,INFO,heartbeat ok
2026-09-18T22:15:08+00:00,order-service,INFO,heartbeat ok
2026-09-18T22:15:08+00:00,inventory-service,INFO,heartbeat ok
2026-09-18T22:15:08+00:00,auth-service,INFO,heartbeat ok
2026-09-18T22:15:08+00:00,notification-worker,INFO,heartbeat ok
2026-09-18T22:17:08+00:00,payment-api,INFO,heartbeat ok
2026-09-18T22:17:08+00:00,order-service,INFO,heartbeat ok
2026-09-18T22:17:08+00:00,inventory-service,INFO,heartbeat ok
2026-09-18T22:17:08+00:00,auth-service,INFO,heartbeat ok
2026-09-18T22:17:08+00:00,notification-worker,INFO,heartbeat ok
2026-09-18T22:19:08+00:00,payment-api,INFO,heartbeat ok
2026-09-18T22:19:08+00:00,order-service,INFO,heartbeat ok
2026-09-18T22:19:08+00:00,inventory-service,INFO,heartbeat ok
2026-09-18T22:19:08+00:00,auth-service,INFO,heartbeat ok
2026-09-18T22:19:08+00:00,notification-worker,INFO,heartbeat ok
2026-09-18T22:19:38+00:00,payment-api,INFO,request processed
2026-09-18T22:19:38+00:00,order-service,INFO,request processed
2026-09-18T22:19:38+00:00,inventory-service,INFO,request processed
2026-09-18T22:19:38+00:00,auth-service,INFO,request processed
2026-09-18T22:19:38+00:00,notification-worker,INFO,request processed
2026-09-18T22:21:08+00:00,payment-api,INFO,heartbeat ok
2026-09-18T22:21:08+00:00,order-service,INFO,heartbeat ok
2026-09-18T22:21:08+00:00,inventory-service,INFO,heartbeat ok
2026-09-18T22:21:08+00:00,auth-service,INFO,heartbeat ok
2026-09-18T22:21:08+00:00,notification-worker,INFO,heartbeat ok
2026-09-18T22:22:08+00:00,payment-api,WARNING,connection retry
2026-09-18T22:22:08+00:00,order-service,WARNING,connection retry
2026-09-18T22:22:08+00:00,inventory-service,WARNING,connection retry
2026-09-18T22:22:08+00:00,auth-service,WARNING,connection retry
2026-09-18T22:22:08+00:00,notification-worker,WARNING,connection retry
2026-09-18T22:23:08+00:00,payment-api,INFO,heartbeat ok
2026-09-18T22:23:08+00:00,order-service,INFO,heartbeat ok
2026-09-18T22:23:08+00:00,inventory-service,INFO,heartbeat ok
2026-09-18T22:23:08+00:00,auth-service,INFO,heartbeat ok
2026-09-18T22:23:08+00:00,notification-worker,INFO,heartbeat ok
2026-09-18T22:25:08+00:00,payment-api,INFO,heartbeat ok
2026-09-18T22:25:08+00:00,order-service,INFO,heartbeat ok
2026-09-18T22:25:08+00:00,inventory-service,INFO,heartbeat ok
2026-09-18T22:25:08+00:00,auth-service,INFO,heartbeat ok
2026-09-18T22:25:08+00:00,notification-worker,INFO,heartbeat ok
2026-09-18T22:26:38+00:00,payment-api,WARNING,slow query detected
2026-09-18T22:26:38+00:00,order-service,WARNING,slow query detected
2026-09-18T22:26:38+00:00,inventory-service,WARNING,slow query detected
2026-09-18T22:26:38+00:00,auth-service,WARNING,slow query detected
2026-09-18T22:26:38+00:00,notification-worker,WARNING,slow query detected
2026-09-18T22:27:08+00:00,payment-api,INFO,heartbeat ok
2026-09-18T22:27:08+00:00,order-service,INFO,heartbeat ok
2026-09-18T22:27:08+00:00,inventory-service,INFO,heartbeat ok
2026-09-18T22:27:08+00:00,auth-service,INFO,heartbeat ok
2026-09-18T22:27:08+00:00,notification-worker,INFO,heartbeat ok
2026-09-18T22:29:08+00:00,payment-api,INFO,heartbeat ok
2026-09-18T22:29:08+00:00,order-service,INFO,heartbeat ok
2026-09-18T22:29:08+00:00,inventory-service,INFO,heartbeat ok
2026-09-18T22:29:08+00:00,auth-service,INFO,heartbeat ok
2026-09-18T22:29:08+00:00,notification-worker,INFO,heartbeat ok
2026-09-18T22:31:08+00:00,payment-api,INFO,heartbeat ok
2026-09-18T22:31:08+00:00,order-service,INFO,heartbeat ok
2026-09-18T22:31:08+00:00,inventory-service,INFO,heartbeat ok
2026-09-18T22:31:08+00:00,auth-service,INFO,heartbeat ok
2026-09-18T22:31:08+00:00,notification-worker,INFO,heartbeat ok
2026-09-18T22:33:08+00:00,payment-api,INFO,heartbeat ok
2026-09-18T22:33:08+00:00,order-service,INFO,heartbeat ok
2026-09-18T22:33:08+00:00,inventory-service,INFO,heartbeat ok
2026-09-18T22:33:08+00:00,auth-service,INFO,heartbeat ok
2026-09-18T22:33:08+00:00,notification-worker,INFO,heartbeat ok
2026-09-18T22:35:08+00:00,payment-api,INFO,heartbeat ok
2026-09-18T22:35:08+00:00,order-service,INFO,heartbeat ok
2026-09-18T22:35:08+00:00,inventory-service,INFO,heartbeat ok
2026-09-18T22:35:08+00:00,auth-service,INFO,heartbeat ok
2026-09-18T22:35:08+00:00,notification-worker,INFO,heartbeat ok
2026-09-18T22:37:08+00:00,payment-api,INFO,heartbeat ok
2026-09-18T22:37:08+00:00,order-service,INFO,heartbeat ok
2026-09-18T22:37:08+00:00,inventory-service,INFO,heartbeat ok
2026-09-18T22:37:08+00:00,auth-service,INFO,heartbeat ok
2026-09-18T22:37:08+00:00,notification-worker,INFO,heartbeat ok
2026-09-18T22:39:08+00:00,payment-api,INFO,heartbeat ok
2026-09-18T22:39:08+00:00,order-service,INFO,heartbeat ok
2026-09-18T22:39:08+00:00,inventory-service,INFO,heartbeat ok
2026-09-18T22:39:08+00:00,auth-service,INFO,heartbeat ok
2026-09-18T22:39:08+00:00,notification-worker,INFO,heartbeat ok
2026-09-18T22:41:08+00:00,payment-api,INFO,heartbeat ok
2026-09-18T22:41:08+00:00,order-service,INFO,heartbeat ok
2026-09-18T22:41:08+00:00,inventory-service,INFO,heartbeat ok
2026-09-18T22:41:08+00:00,auth-service,INFO,heartbeat ok
2026-09-18T22:41:08+00:00,notification-worker,INFO,heartbeat ok
2026-09-18T22:43:08+00:00,payment-api,INFO,heartbeat ok
2026-09-18T22:43:08+00:00,order-service,INFO,heartbeat ok
2026-09-18T22:43:08+00:00,inventory-service,INFO,heartbeat ok
2026-09-18T22:43:08+00:00,auth-service,INFO,heartbeat ok
2026-09-18T22:43:08+00:00,notification-worker,INFO,heartbeat ok
2026-09-18T22:45:08+00:00,payment-api,INFO,heartbeat ok
2026-09-18T22:45:08+00:00,order-service,INFO,heartbeat ok
2026-09-18T22:45:08+00:00,inventory-service,INFO,heartbeat ok
2026-09-18T22:45:08+00:00,auth-service,INFO,heartbeat ok
2026-09-18T22:45:08+00:00,notification-worker,INFO,heartbeat ok
2026-09-18T22:47:08+00:00,payment-api,INFO,heartbeat ok
2026-09-18T22:47:08+00:00,order-service,INFO,heartbeat ok
2026-09-18T22:47:08+00:00,inventory-service,INFO,heartbeat ok
2026-09-18T22:47:08+00:00,auth-service,INFO,heartbeat ok
2026-09-18T22:47:08+00:00,notification-worker,INFO,heartbeat ok
2026-09-18T22:49:08+00:00,payment-api,INFO,heartbeat ok
2026-09-18T22:49:08+00:00,order-service,INFO,heartbeat ok
2026-09-18T22:49:08+00:00,inventory-service,INFO,heartbeat ok
2026-09-18T22:49:08+00:00,auth-service,INFO,heartbeat ok
2026-09-18T22:49:08+00:00,notification-worker,INFO,heartbeat ok
2026-09-18T22:50:38+00:00,payment-api,INFO,request processed
2026-09-18T22:50:38+00:00,order-service,INFO,request processed
2026-09-18T22:50:38+00:00,inventory-service,INFO,request processed
2026-09-18T22:50:38+00:00,auth-service,INFO,request processed
2026-09-18T22:50:38+00:00,notification-worker,INFO,request processed
2026-09-18T22:51:08+00:00,payment-api,INFO,heartbeat ok
2026-09-18T22:51:08+00:00,order-service,INFO,heartbeat ok
2026-09-18T22:51:08+00:00,inventory-service,INFO,heartbeat ok
2026-09-18T22:51:08+00:00,auth-service,INFO,heartbeat ok
2026-09-18T22:51:08+00:00,notification-worker,INFO,heartbeat ok
2026-09-18T22:53:08+00:00,payment-api,INFO,heartbeat ok
2026-09-18T22:53:08+00:00,order-service,INFO,heartbeat ok
2026-09-18T22:53:08+00:00,inventory-service,INFO,heartbeat ok
2026-09-18T22:53:08+00:00,auth-service,INFO,heartbeat ok
2026-09-18T22:53:08+00:00,notification-worker,INFO,heartbeat ok
2026-09-18T22:54:38+00:00,payment-api,ERROR,temporary upstream timeout
2026-09-18T22:54:38+00:00,order-service,ERROR,temporary upstream timeout
2026-09-18T22:54:38+00:00,inventory-service,ERROR,temporary upstream timeout
2026-09-18T22:54:38+00:00,auth-service,ERROR,temporary upstream timeout
2026-09-18T22:54:38+00:00,notification-worker,ERROR,temporary upstream timeout
2026-09-18T22:55:08+00:00,payment-api,INFO,heartbeat ok
2026-09-18T22:55:08+00:00,order-service,INFO,heartbeat ok
2026-09-18T22:55:08+00:00,inventory-service,INFO,heartbeat ok
2026-09-18T22:55:08+00:00,auth-service,INFO,heartbeat ok
2026-09-18T22:55:08+00:00,notification-worker,INFO,heartbeat ok
2026-09-18T22:57:08+00:00,payment-api,INFO,heartbeat ok
2026-09-18T22:57:08+00:00,order-service,INFO,heartbeat ok
2026-09-18T22:57:08+00:00,inventory-service,INFO,heartbeat ok
2026-09-18T22:57:08+00:00,auth-service,INFO,heartbeat ok
2026-09-18T22:57:08+00:00,notification-worker,INFO,heartbeat ok
2026-09-18T22:59:08+00:00,payment-api,INFO,heartbeat ok
2026-09-18T22:59:08+00:00,order-service,INFO,heartbeat ok
2026-09-18T22:59:08+00:00,inventory-service,INFO,heartbeat ok
2026-09-18T22:59:08+00:00,auth-service,INFO,heartbeat ok
2026-09-18T22:59:08+00:00,notification-worker,INFO,heartbeat ok
2026-09-18T23:01:08+00:00,payment-api,INFO,heartbeat ok
2026-09-18T23:01:08+00:00,order-service,INFO,heartbeat ok
2026-09-18T23:01:08+00:00,inventory-service,INFO,heartbeat ok
2026-09-18T23:01:08+00:00,auth-service,INFO,heartbeat ok
2026-09-18T23:01:08+00:00,notification-worker,INFO,heartbeat ok
2026-09-18T23:03:08+00:00,payment-api,INFO,heartbeat ok
2026-09-18T23:03:08+00:00,order-service,INFO,heartbeat ok
2026-09-18T23:03:08+00:00,inventory-service,INFO,heartbeat ok
2026-09-18T23:03:08+00:00,auth-service,INFO,heartbeat ok
2026-09-18T23:03:08+00:00,notification-worker,INFO,heartbeat ok
2026-09-18T23:05:08+00:00,payment-api,INFO,heartbeat ok
2026-09-18T23:05:08+00:00,order-service,INFO,heartbeat ok
2026-09-18T23:05:08+00:00,inventory-service,INFO,heartbeat ok
2026-09-18T23:05:08+00:00,auth-service,INFO,heartbeat ok
2026-09-18T23:05:08+00:00,notification-worker,INFO,heartbeat ok
2026-09-18T23:06:08+00:00,payment-api,INFO,request processed
2026-09-18T23:06:08+00:00,order-service,INFO,request processed
2026-09-18T23:06:08+00:00,inventory-service,INFO,request processed
2026-09-18T23:06:08+00:00,auth-service,INFO,request processed
2026-09-18T23:06:08+00:00,notification-worker,INFO,request processed
2026-09-18T23:07:08+00:00,payment-api,INFO,heartbeat ok
2026-09-18T23:07:08+00:00,order-service,INFO,heartbeat ok
2026-09-18T23:07:08+00:00,inventory-service,INFO,heartbeat ok
2026-09-18T23:07:08+00:00,auth-service,INFO,heartbeat ok
2026-09-18T23:07:08+00:00,notification-worker,INFO,heartbeat ok
2026-09-18T23:09:08+00:00,payment-api,INFO,heartbeat ok
2026-09-18T23:09:08+00:00,order-service,INFO,heartbeat ok
2026-09-18T23:09:08+00:00,inventory-service,INFO,heartbeat ok
2026-09-18T23:09:08+00:00,auth-service,INFO,heartbeat ok
2026-09-18T23:09:08+00:00,notification-worker,INFO,heartbeat ok
2026-09-18T23:11:08+00:00,payment-api,INFO,heartbeat ok
2026-09-18T23:11:08+00:00,order-service,INFO,heartbeat ok
2026-09-18T23:11:08+00:00,inventory-service,INFO,heartbeat ok
2026-09-18T23:11:08+00:00,auth-service,INFO,heartbeat ok
2026-09-18T23:11:08+00:00,notification-worker,INFO,heartbeat ok
2026-09-18T23:13:08+00:00,payment-api,INFO,heartbeat ok
2026-09-18T23:13:08+00:00,order-service,INFO,heartbeat ok
2026-09-18T23:13:08+00:00,inventory-service,INFO,heartbeat ok
2026-09-18T23:13:08+00:00,auth-service,INFO,heartbeat ok
2026-09-18T23:13:08+00:00,notification-worker,INFO,heartbeat ok
2026-09-18T23:15:08+00:00,payment-api,INFO,heartbeat ok
2026-09-18T23:15:08+00:00,order-service,INFO,heartbeat ok
2026-09-18T23:15:08+00:00,inventory-service,INFO,heartbeat ok
2026-09-18T23:15:08+00:00,auth-service,INFO,heartbeat ok
2026-09-18T23:15:08+00:00,notification-worker,INFO,heartbeat ok
2026-09-18T23:17:08+00:00,payment-api,INFO,heartbeat ok
2026-09-18T23:17:08+00:00,order-service,INFO,heartbeat ok
2026-09-18T23:17:08+00:00,inventory-service,INFO,heartbeat ok
2026-09-18T23:17:08+00:00,auth-service,INFO,heartbeat ok
2026-09-18T23:17:08+00:00,notification-worker,INFO,heartbeat ok
2026-09-18T23:19:08+00:00,payment-api,INFO,heartbeat ok
2026-09-18T23:19:08+00:00,order-service,INFO,heartbeat ok
2026-09-18T23:19:08+00:00,inventory-service,INFO,heartbeat ok
2026-09-18T23:19:08+00:00,auth-service,INFO,heartbeat ok
2026-09-18T23:19:08+00:00,notification-worker,INFO,heartbeat ok
2026-09-18T23:21:08+00:00,payment-api,INFO,heartbeat ok
2026-09-18T23:21:08+00:00,order-service,INFO,heartbeat ok
2026-09-18T23:21:08+00:00,inventory-service,INFO,heartbeat ok
2026-09-18T23:21:08+00:00,auth-service,INFO,heartbeat ok
2026-09-18T23:21:08+00:00,notification-worker,INFO,heartbeat ok
2026-09-18T23:21:38+00:00,payment-api,INFO,request processed
2026-09-18T23:21:38+00:00,order-service,INFO,request processed
2026-09-18T23:21:38+00:00,inventory-service,INFO,request processed
2026-09-18T23:21:38+00:00,auth-service,INFO,request processed
2026-09-18T23:21:38+00:00,notification-worker,INFO,request processed
2026-09-18T23:23:08+00:00,payment-api,INFO,heartbeat ok
2026-09-18T23:23:08+00:00,order-service,INFO,heartbeat ok
2026-09-18T23:23:08+00:00,inventory-service,INFO,heartbeat ok
2026-09-18T23:23:08+00:00,auth-service,INFO,heartbeat ok
2026-09-18T23:23:08+00:00,notification-worker,INFO,heartbeat ok
2026-09-18T23:25:08+00:00,payment-api,INFO,heartbeat ok
2026-09-18T23:25:08+00:00,order-service,INFO,heartbeat ok
2026-09-18T23:25:08+00:00,inventory-service,INFO,heartbeat ok
2026-09-18T23:25:08+00:00,auth-service,INFO,heartbeat ok
2026-09-18T23:25:08+00:00,notification-worker,INFO,heartbeat ok
2026-09-18T23:27:08+00:00,payment-api,INFO,heartbeat ok
2026-09-18T23:27:08+00:00,order-service,INFO,heartbeat ok
2026-09-18T23:27:08+00:00,inventory-service,INFO,heartbeat ok
2026-09-18T23:27:08+00:00,auth-service,INFO,heartbeat ok
2026-09-18T23:27:08+00:00,notification-worker,INFO,heartbeat ok
2026-09-18T23:27:38+00:00,payment-api,WARNING,connection retry
2026-09-18T23:27:38+00:00,order-service,WARNING,connection retry
2026-09-18T23:27:38+00:00,inventory-service,WARNING,connection retry
2026-09-18T23:27:38+00:00,auth-service,WARNING,connection retry
2026-09-18T23:27:38+00:00,notification-worker,WARNING,connection retry
2026-09-18T23:29:08+00:00,payment-api,INFO,heartbeat ok
2026-09-18T23:29:08+00:00,order-service,INFO,heartbeat ok
2026-09-18T23:29:08+00:00,inventory-service,INFO,heartbeat ok
2026-09-18T23:29:08+00:00,auth-service,INFO,heartbeat ok
2026-09-18T23:29:08+00:00,notification-worker,INFO,heartbeat ok
2026-09-18T23:31:08+00:00,payment-api,INFO,heartbeat ok
2026-09-18T23:31:08+00:00,order-service,INFO,heartbeat ok
2026-09-18T23:31:08+00:00,inventory-service,INFO,heartbeat ok
2026-09-18T23:31:08+00:00,auth-service,INFO,heartbeat ok
2026-09-18T23:31:08+00:00,notification-worker,INFO,heartbeat ok
2026-09-18T23:33:08+00:00,payment-api,INFO,heartbeat ok
2026-09-18T23:33:08+00:00,order-service,INFO,heartbeat ok
2026-09-18T23:33:08+00:00,inventory-service,INFO,heartbeat ok
2026-09-18T23:33:08+00:00,auth-service,INFO,heartbeat ok
2026-09-18T23:33:08+00:00,notification-worker,INFO,heartbeat ok
2026-09-18T23:35:08+00:00,payment-api,INFO,heartbeat ok
2026-09-18T23:35:08+00:00,order-service,INFO,heartbeat ok
2026-09-18T23:35:08+00:00,inventory-service,INFO,heartbeat ok
2026-09-18T23:35:08+00:00,auth-service,INFO,heartbeat ok
2026-09-18T23:35:08+00:00,notification-worker,INFO,heartbeat ok
2026-09-18T23:37:08+00:00,payment-api,INFO,heartbeat ok
2026-09-18T23:37:08+00:00,order-service,INFO,heartbeat ok
2026-09-18T23:37:08+00:00,inventory-service,INFO,heartbeat ok
2026-09-18T23:37:08+00:00,auth-service,INFO,heartbeat ok
2026-09-18T23:37:08+00:00,notification-worker,INFO,heartbeat ok
2026-09-18T23:39:08+00:00,payment-api,INFO,heartbeat ok
2026-09-18T23:39:08+00:00,order-service,INFO,heartbeat ok
2026-09-18T23:39:08+00:00,inventory-service,INFO,heartbeat ok
2026-09-18T23:39:08+00:00,auth-service,INFO,heartbeat ok
2026-09-18T23:39:08+00:00,notification-worker,INFO,heartbeat ok
2026-09-18T23:41:08+00:00,payment-api,INFO,heartbeat ok
2026-09-18T23:41:08+00:00,order-service,INFO,heartbeat ok
2026-09-18T23:41:08+00:00,inventory-service,INFO,heartbeat ok
2026-09-18T23:41:08+00:00,auth-service,INFO,heartbeat ok
2026-09-18T23:41:08+00:00,notification-worker,INFO,heartbeat ok
2026-09-18T23:43:08+00:00,payment-api,INFO,heartbeat ok
2026-09-18T23:43:08+00:00,order-service,INFO,heartbeat ok
2026-09-18T23:43:08+00:00,inventory-service,INFO,heartbeat ok
2026-09-18T23:43:08+00:00,auth-service,INFO,heartbeat ok
2026-09-18T23:43:08+00:00,notification-worker,INFO,heartbeat ok
2026-09-18T23:45:08+00:00,payment-api,INFO,heartbeat ok
2026-09-18T23:45:08+00:00,order-service,INFO,heartbeat ok
2026-09-18T23:45:08+00:00,inventory-service,INFO,heartbeat ok
2026-09-18T23:45:08+00:00,auth-service,INFO,heartbeat ok
2026-09-18T23:45:08+00:00,notification-worker,INFO,heartbeat ok
2026-09-18T23:47:08+00:00,payment-api,INFO,heartbeat ok
2026-09-18T23:47:08+00:00,order-service,INFO,heartbeat ok
2026-09-18T23:47:08+00:00,inventory-service,INFO,heartbeat ok
2026-09-18T23:47:08+00:00,auth-service,INFO,heartbeat ok
2026-09-18T23:47:08+00:00,notification-worker,INFO,heartbeat ok
2026-09-18T23:49:08+00:00,payment-api,INFO,heartbeat ok
2026-09-18T23:49:08+00:00,order-service,INFO,heartbeat ok
2026-09-18T23:49:08+00:00,inventory-service,INFO,heartbeat ok
2026-09-18T23:49:08+00:00,auth-service,INFO,heartbeat ok
2026-09-18T23:49:08+00:00,notification-worker,INFO,heartbeat ok
2026-09-18T23:51:08+00:00,payment-api,INFO,heartbeat ok
2026-09-18T23:51:08+00:00,order-service,INFO,heartbeat ok
2026-09-18T23:51:08+00:00,inventory-service,INFO,heartbeat ok
2026-09-18T23:51:08+00:00,auth-service,INFO,heartbeat ok
2026-09-18T23:51:08+00:00,notification-worker,INFO,heartbeat ok
2026-09-18T23:52:38+00:00,payment-api,INFO,request processed
2026-09-18T23:52:38+00:00,order-service,INFO,request processed
2026-09-18T23:52:38+00:00,inventory-service,INFO,request processed
2026-09-18T23:52:38+00:00,auth-service,INFO,request processed
2026-09-18T23:52:38+00:00,notification-worker,INFO,request processed
2026-09-18T23:53:08+00:00,payment-api,INFO,heartbeat ok
2026-09-18T23:53:08+00:00,order-service,INFO,heartbeat ok
2026-09-18T23:53:08+00:00,inventory-service,INFO,heartbeat ok
2026-09-18T23:53:08+00:00,auth-service,INFO,heartbeat ok
2026-09-18T23:53:08+00:00,notification-worker,INFO,heartbeat ok
2026-09-18T23:55:08+00:00,payment-api,INFO,heartbeat ok
2026-09-18T23:55:08+00:00,order-service,INFO,heartbeat ok
2026-09-18T23:55:08+00:00,inventory-service,INFO,heartbeat ok
2026-09-18T23:55:08+00:00,auth-service,INFO,heartbeat ok
2026-09-18T23:55:08+00:00,notification-worker,INFO,heartbeat ok
2026-09-18T23:57:08+00:00,payment-api,INFO,heartbeat ok
2026-09-18T23:57:08+00:00,order-service,INFO,heartbeat ok
2026-09-18T23:57:08+00:00,inventory-service,INFO,heartbeat ok
2026-09-18T23:57:08+00:00,auth-service,INFO,heartbeat ok
2026-09-18T23:57:08+00:00,notification-worker,INFO,heartbeat ok
2026-09-18T23:59:08+00:00,payment-api,INFO,heartbeat ok
2026-09-18T23:59:08+00:00,order-service,INFO,heartbeat ok
2026-09-18T23:59:08+00:00,inventory-service,INFO,heartbeat ok
2026-09-18T23:59:08+00:00,auth-service,INFO,heartbeat ok
2026-09-18T23:59:08+00:00,notification-worker,INFO,heartbeat ok
2026-09-19T00:01:08+00:00,payment-api,INFO,heartbeat ok
2026-09-19T00:01:08+00:00,order-service,INFO,heartbeat ok
2026-09-19T00:01:08+00:00,inventory-service,INFO,heartbeat ok
2026-09-19T00:01:08+00:00,auth-service,INFO,heartbeat ok
2026-09-19T00:01:08+00:00,notification-worker,INFO,heartbeat ok
2026-09-19T00:03:08+00:00,payment-api,INFO,heartbeat ok
2026-09-19T00:03:08+00:00,order-service,INFO,heartbeat ok
2026-09-19T00:03:08+00:00,inventory-service,INFO,heartbeat ok
2026-09-19T00:03:08+00:00,auth-service,INFO,heartbeat ok
2026-09-19T00:03:08+00:00,notification-worker,INFO,heartbeat ok
2026-09-19T00:03:38+00:00,payment-api,WARNING,slow query detected
2026-09-19T00:03:38+00:00,order-service,WARNING,slow query detected
2026-09-19T00:03:38+00:00,inventory-service,WARNING,slow query detected
2026-09-19T00:03:38+00:00,auth-service,WARNING,slow query detected
2026-09-19T00:03:38+00:00,notification-worker,WARNING,slow query detected
2026-09-19T00:05:08+00:00,payment-api,INFO,heartbeat ok
2026-09-19T00:05:08+00:00,order-service,INFO,heartbeat ok
2026-09-19T00:05:08+00:00,inventory-service,INFO,heartbeat ok
2026-09-19T00:05:08+00:00,auth-service,INFO,heartbeat ok
2026-09-19T00:05:08+00:00,notification-worker,INFO,heartbeat ok
2026-09-19T00:07:08+00:00,order-service,INFO,heartbeat ok
2026-09-19T00:07:08+00:00,inventory-service,INFO,heartbeat ok
2026-09-19T00:07:08+00:00,auth-service,INFO,heartbeat ok
2026-09-19T00:07:08+00:00,notification-worker,INFO,heartbeat ok
2026-09-19T00:08:08+00:00,order-service,INFO,request processed
2026-09-19T00:08:08+00:00,inventory-service,INFO,request processed
2026-09-19T00:08:08+00:00,auth-service,INFO,request processed
2026-09-19T00:08:08+00:00,notification-worker,INFO,request processed
2026-09-19T00:09:08+00:00,order-service,INFO,heartbeat ok
2026-09-19T00:09:08+00:00,inventory-service,INFO,heartbeat ok
2026-09-19T00:09:08+00:00,auth-service,INFO,heartbeat ok
2026-09-19T00:09:08+00:00,notification-worker,INFO,heartbeat ok
2026-09-19T00:11:08+00:00,order-service,INFO,heartbeat ok
2026-09-19T00:11:08+00:00,inventory-service,INFO,heartbeat ok
2026-09-19T00:11:08+00:00,auth-service,INFO,heartbeat ok
2026-09-19T00:11:08+00:00,notification-worker,INFO,heartbeat ok
2026-09-19T00:13:08+00:00,order-service,INFO,heartbeat ok
2026-09-19T00:13:08+00:00,inventory-service,INFO,heartbeat ok
2026-09-19T00:13:08+00:00,auth-service,INFO,heartbeat ok
2026-09-19T00:13:08+00:00,notification-worker,INFO,heartbeat ok
2026-09-19T00:15:08+00:00,order-service,INFO,heartbeat ok
2026-09-19T00:15:08+00:00,inventory-service,INFO,heartbeat ok
2026-09-19T00:15:08+00:00,auth-service,INFO,heartbeat ok
2026-09-19T00:15:08+00:00,notification-worker,INFO,heartbeat ok
2026-09-19T00:17:08+00:00,order-service,INFO,heartbeat ok
2026-09-19T00:17:08+00:00,inventory-service,INFO,heartbeat ok
2026-09-19T00:17:08+00:00,auth-service,INFO,heartbeat ok
2026-09-19T00:17:08+00:00,notification-worker,INFO,heartbeat ok
2026-09-19T00:19:08+00:00,order-service,INFO,heartbeat ok
2026-09-19T00:19:08+00:00,inventory-service,INFO,heartbeat ok
2026-09-19T00:19:08+00:00,auth-service,INFO,heartbeat ok
2026-09-19T00:19:08+00:00,notification-worker,INFO,heartbeat ok
2026-09-19T00:21:08+00:00,order-service,INFO,heartbeat ok
2026-09-19T00:21:08+00:00,inventory-service,INFO,heartbeat ok
2026-09-19T00:21:08+00:00,auth-service,INFO,heartbeat ok
2026-09-19T00:21:08+00:00,notification-worker,INFO,heartbeat ok
2026-09-19T00:23:08+00:00,order-service,INFO,heartbeat ok
2026-09-19T00:23:08+00:00,inventory-service,INFO,heartbeat ok
2026-09-19T00:23:08+00:00,auth-service,INFO,heartbeat ok
2026-09-19T00:23:08+00:00,notification-worker,INFO,heartbeat ok
2026-09-19T00:23:38+00:00,order-service,INFO,request processed
2026-09-19T00:23:38+00:00,inventory-service,INFO,request processed
2026-09-19T00:23:38+00:00,auth-service,INFO,request processed
2026-09-19T00:23:38+00:00,notification-worker,INFO,request processed
2026-09-19T00:24:38+00:00,payment-api,WARNING,database connection usage rising
2026-09-19T00:25:08+00:00,payment-api,WARNING,database connection usage rising
2026-09-19T00:25:08+00:00,order-service,INFO,heartbeat ok
2026-09-19T00:25:08+00:00,inventory-service,INFO,heartbeat ok
2026-09-19T00:25:08+00:00,auth-service,INFO,heartbeat ok
2026-09-19T00:25:08+00:00,notification-worker,INFO,heartbeat ok
2026-09-19T00:25:38+00:00,payment-api,WARNING,database connection usage rising
2026-09-19T00:26:08+00:00,payment-api,WARNING,database connection usage rising
2026-09-19T00:26:38+00:00,payment-api,WARNING,database connection usage rising
2026-09-19T00:27:08+00:00,payment-api,WARNING,database connection usage rising
2026-09-19T00:27:08+00:00,order-service,INFO,heartbeat ok
2026-09-19T00:27:08+00:00,inventory-service,INFO,heartbeat ok
2026-09-19T00:27:08+00:00,auth-service,INFO,heartbeat ok
2026-09-19T00:27:08+00:00,notification-worker,INFO,heartbeat ok
2026-09-19T00:27:38+00:00,payment-api,WARNING,database connection usage rising
2026-09-19T00:28:08+00:00,payment-api,WARNING,database connection usage rising
2026-09-19T00:28:38+00:00,payment-api,WARNING,database connection usage rising
2026-09-19T00:29:08+00:00,payment-api,WARNING,database connection usage rising
2026-09-19T00:29:08+00:00,order-service,INFO,heartbeat ok
2026-09-19T00:29:08+00:00,inventory-service,INFO,heartbeat ok
2026-09-19T00:29:08+00:00,auth-service,INFO,heartbeat ok
2026-09-19T00:29:08+00:00,notification-worker,INFO,heartbeat ok
2026-09-19T00:29:38+00:00,payment-api,WARNING,database connection usage rising
2026-09-19T00:30:08+00:00,payment-api,WARNING,database connection usage rising
2026-09-19T00:30:38+00:00,payment-api,WARNING,database connection usage rising
2026-09-19T00:31:08+00:00,payment-api,WARNING,database connection usage rising
2026-09-19T00:31:08+00:00,order-service,INFO,heartbeat ok
2026-09-19T00:31:08+00:00,inventory-service,INFO,heartbeat ok
2026-09-19T00:31:08+00:00,auth-service,INFO,heartbeat ok
2026-09-19T00:31:08+00:00,notification-worker,INFO,heartbeat ok
2026-09-19T00:31:38+00:00,payment-api,WARNING,database connection usage rising
2026-09-19T00:32:08+00:00,payment-api,WARNING,database connection usage rising
2026-09-19T00:32:38+00:00,payment-api,WARNING,database connection usage rising
2026-09-19T00:33:08+00:00,payment-api,WARNING,database connection usage rising
2026-09-19T00:33:08+00:00,order-service,INFO,heartbeat ok
2026-09-19T00:33:08+00:00,inventory-service,INFO,heartbeat ok
2026-09-19T00:33:08+00:00,auth-service,INFO,heartbeat ok
2026-09-19T00:33:08+00:00,notification-worker,INFO,heartbeat ok
2026-09-19T00:33:38+00:00,payment-api,WARNING,database connection usage rising
2026-09-19T00:34:08+00:00,payment-api,WARNING,database connection usage rising
2026-09-19T00:34:38+00:00,payment-api,WARNING,database connection usage rising
2026-09-19T00:35:08+00:00,payment-api,WARNING,database connection usage rising
2026-09-19T00:35:08+00:00,order-service,INFO,heartbeat ok
2026-09-19T00:35:08+00:00,inventory-service,INFO,heartbeat ok
2026-09-19T00:35:08+00:00,auth-service,INFO,heartbeat ok
2026-09-19T00:35:08+00:00,notification-worker,INFO,heartbeat ok
2026-09-19T00:35:38+00:00,payment-api,WARNING,database connection usage rising
2026-09-19T00:36:08+00:00,payment-api,WARNING,database connection usage rising
2026-09-19T00:36:38+00:00,payment-api,WARNING,database connection usage rising
2026-09-19T00:37:08+00:00,payment-api,WARNING,database connection usage rising
2026-09-19T00:37:08+00:00,order-service,INFO,heartbeat ok
2026-09-19T00:37:08+00:00,inventory-service,INFO,heartbeat ok
2026-09-19T00:37:08+00:00,auth-service,INFO,heartbeat ok
2026-09-19T00:37:08+00:00,notification-worker,INFO,heartbeat ok
2026-09-19T00:37:38+00:00,payment-api,WARNING,database connection usage rising
2026-09-19T00:38:08+00:00,payment-api,WARNING,database connection usage rising
2026-09-19T00:38:38+00:00,payment-api,WARNING,database connection usage rising
2026-09-19T00:39:08+00:00,payment-api,WARNING,database connection usage rising
2026-09-19T00:39:08+00:00,order-service,INFO,heartbeat ok
2026-09-19T00:39:08+00:00,inventory-service,INFO,heartbeat ok
2026-09-19T00:39:08+00:00,auth-service,INFO,heartbeat ok
2026-09-19T00:39:08+00:00,notification-worker,INFO,heartbeat ok
2026-09-19T00:39:38+00:00,payment-api,WARNING,database connection usage rising
2026-09-19T00:40:08+00:00,payment-api,WARNING,database connection usage rising
2026-09-19T00:40:08+00:00,order-service,ERROR,temporary upstream timeout
2026-09-19T00:40:08+00:00,inventory-service,ERROR,temporary upstream timeout
2026-09-19T00:40:08+00:00,auth-service,ERROR,temporary upstream timeout
2026-09-19T00:40:08+00:00,notification-worker,ERROR,temporary upstream timeout
2026-09-19T00:40:38+00:00,payment-api,WARNING,database connection usage rising
2026-09-19T00:41:08+00:00,payment-api,WARNING,database connection usage rising
2026-09-19T00:41:08+00:00,order-service,INFO,heartbeat ok
2026-09-19T00:41:08+00:00,inventory-service,INFO,heartbeat ok
2026-09-19T00:41:08+00:00,auth-service,INFO,heartbeat ok
2026-09-19T00:41:08+00:00,notification-worker,INFO,heartbeat ok
2026-09-19T00:41:38+00:00,payment-api,WARNING,database connection usage rising
2026-09-19T00:42:08+00:00,payment-api,WARNING,database connection usage rising
2026-09-19T00:42:38+00:00,payment-api,WARNING,database connection usage rising
2026-09-19T00:43:08+00:00,payment-api,WARNING,database connection usage rising
2026-09-19T00:43:08+00:00,order-service,INFO,heartbeat ok
2026-09-19T00:43:08+00:00,inventory-service,INFO,heartbeat ok
2026-09-19T00:43:08+00:00,auth-service,INFO,heartbeat ok
2026-09-19T00:43:08+00:00,notification-worker,INFO,heartbeat ok
2026-09-19T00:43:38+00:00,payment-api,WARNING,database connection usage rising
2026-09-19T00:44:08+00:00,payment-api,WARNING,database connection usage rising
2026-09-19T00:44:38+00:00,payment-api,WARNING,database connection usage rising
2026-09-19T00:45:08+00:00,payment-api,WARNING,database connection usage rising
2026-09-19T00:45:08+00:00,order-service,INFO,heartbeat ok
2026-09-19T00:45:08+00:00,inventory-service,INFO,heartbeat ok
2026-09-19T00:45:08+00:00,auth-service,INFO,heartbeat ok
2026-09-19T00:45:08+00:00,notification-worker,INFO,heartbeat ok
2026-09-19T00:45:38+00:00,payment-api,WARNING,database connection usage rising
2026-09-19T00:46:08+00:00,payment-api,WARNING,database connection usage rising
2026-09-19T00:46:38+00:00,payment-api,WARNING,database connection usage rising
2026-09-19T00:47:08+00:00,payment-api,WARNING,database connection usage rising
2026-09-19T00:47:08+00:00,order-service,INFO,heartbeat ok
2026-09-19T00:47:08+00:00,inventory-service,INFO,heartbeat ok
2026-09-19T00:47:08+00:00,auth-service,INFO,heartbeat ok
2026-09-19T00:47:08+00:00,notification-worker,INFO,heartbeat ok
2026-09-19T00:47:38+00:00,payment-api,WARNING,database connection usage rising
2026-09-19T00:48:08+00:00,payment-api,WARNING,database connection usage rising
2026-09-19T00:48:38+00:00,payment-api,WARNING,database connection usage rising
2026-09-19T00:49:08+00:00,payment-api,WARNING,database connection usage rising
2026-09-19T00:49:08+00:00,order-service,INFO,heartbeat ok
2026-09-19T00:49:08+00:00,inventory-service,INFO,heartbeat ok
2026-09-19T00:49:08+00:00,auth-service,INFO,heartbeat ok
2026-09-19T00:49:08+00:00,notification-worker,INFO,heartbeat ok
2026-09-19T00:49:38+00:00,payment-api,WARNING,database connection usage rising
2026-09-19T00:50:08+00:00,payment-api,WARNING,database connection usage rising
2026-09-19T00:50:38+00:00,payment-api,WARNING,database connection usage rising
2026-09-19T00:51:08+00:00,payment-api,WARNING,database connection usage rising
2026-09-19T00:51:08+00:00,order-service,INFO,heartbeat ok
2026-09-19T00:51:08+00:00,inventory-service,INFO,heartbeat ok
2026-09-19T00:51:08+00:00,auth-service,INFO,heartbeat ok
2026-09-19T00:51:08+00:00,notification-worker,INFO,heartbeat ok
2026-09-19T00:51:38+00:00,payment-api,WARNING,database connection usage rising
2026-09-19T00:52:08+00:00,payment-api,WARNING,database connection usage rising
2026-09-19T00:52:08+00:00,order-service,WARNING,slow query detected
2026-09-19T00:52:08+00:00,inventory-service,WARNING,slow query detected
2026-09-19T00:52:08+00:00,auth-service,WARNING,slow query detected
2026-09-19T00:52:08+00:00,notification-worker,WARNING,slow query detected
2026-09-19T00:52:38+00:00,payment-api,WARNING,database connection usage rising
2026-09-19T00:53:08+00:00,payment-api,WARNING,database connection usage rising
2026-09-19T00:53:08+00:00,order-service,INFO,heartbeat ok
2026-09-19T00:53:08+00:00,inventory-service,INFO,heartbeat ok
2026-09-19T00:53:08+00:00,auth-service,INFO,heartbeat ok
2026-09-19T00:53:08+00:00,notification-worker,INFO,heartbeat ok
2026-09-19T00:53:38+00:00,payment-api,WARNING,database connection usage rising
2026-09-19T00:54:08+00:00,payment-api,WARNING,database connection usage rising
2026-09-19T00:54:38+00:00,payment-api,WARNING,database connection usage rising
2026-09-19T00:54:38+00:00,order-service,INFO,request processed
2026-09-19T00:54:38+00:00,inventory-service,INFO,request processed
2026-09-19T00:54:38+00:00,auth-service,INFO,request processed
2026-09-19T00:54:38+00:00,notification-worker,INFO,request processed
2026-09-19T00:55:08+00:00,payment-api,WARNING,database connection usage rising
2026-09-19T00:55:08+00:00,order-service,INFO,heartbeat ok
2026-09-19T00:55:08+00:00,inventory-service,INFO,heartbeat ok
2026-09-19T00:55:08+00:00,auth-service,INFO,heartbeat ok
2026-09-19T00:55:08+00:00,notification-worker,INFO,heartbeat ok
2026-09-19T00:55:38+00:00,payment-api,WARNING,database connection usage rising
2026-09-19T00:56:08+00:00,payment-api,WARNING,database connection usage rising
2026-09-19T00:56:38+00:00,payment-api,WARNING,database connection usage rising
2026-09-19T00:57:08+00:00,payment-api,WARNING,database connection usage rising
2026-09-19T00:57:08+00:00,order-service,INFO,heartbeat ok
2026-09-19T00:57:08+00:00,inventory-service,INFO,heartbeat ok
2026-09-19T00:57:08+00:00,auth-service,INFO,heartbeat ok
2026-09-19T00:57:08+00:00,notification-worker,INFO,heartbeat ok
2026-09-19T00:57:38+00:00,payment-api,WARNING,database connection usage rising
2026-09-19T00:58:08+00:00,payment-api,WARNING,database connection usage rising
2026-09-19T00:58:38+00:00,payment-api,WARNING,database connection usage rising
2026-09-19T00:59:08+00:00,payment-api,WARNING,database connection usage rising
2026-09-19T00:59:08+00:00,order-service,INFO,heartbeat ok
2026-09-19T00:59:08+00:00,inventory-service,INFO,heartbeat ok
2026-09-19T00:59:08+00:00,auth-service,INFO,heartbeat ok
2026-09-19T00:59:08+00:00,notification-worker,INFO,heartbeat ok
2026-09-19T00:59:38+00:00,payment-api,WARNING,database connection usage rising
2026-09-19T01:00:08+00:00,payment-api,WARNING,database connection usage rising
2026-09-19T01:00:38+00:00,payment-api,WARNING,database connection usage rising
2026-09-19T01:01:08+00:00,payment-api,WARNING,database connection usage rising
2026-09-19T01:01:08+00:00,order-service,INFO,heartbeat ok
2026-09-19T01:01:08+00:00,inventory-service,INFO,heartbeat ok
2026-09-19T01:01:08+00:00,auth-service,INFO,heartbeat ok
2026-09-19T01:01:08+00:00,notification-worker,INFO,heartbeat ok
2026-09-19T01:01:38+00:00,payment-api,WARNING,database connection usage rising
2026-09-19T01:02:08+00:00,payment-api,WARNING,database connection usage rising
2026-09-19T01:02:38+00:00,payment-api,WARNING,database connection usage rising
2026-09-19T01:03:08+00:00,payment-api,WARNING,database connection usage rising
2026-09-19T01:03:08+00:00,order-service,INFO,heartbeat ok
2026-09-19T01:03:08+00:00,inventory-service,INFO,heartbeat ok
2026-09-19T01:03:08+00:00,auth-service,INFO,heartbeat ok
2026-09-19T01:03:08+00:00,notification-worker,INFO,heartbeat ok
2026-09-19T01:03:38+00:00,payment-api,WARNING,database connection usage rising
2026-09-19T01:04:08+00:00,payment-api,WARNING,database connection usage rising
2026-09-19T01:04:38+00:00,payment-api,WARNING,database connection usage rising
2026-09-19T01:05:08+00:00,payment-api,WARNING,database connection usage rising
2026-09-19T01:05:08+00:00,order-service,INFO,heartbeat ok
2026-09-19T01:05:08+00:00,inventory-service,INFO,heartbeat ok
2026-09-19T01:05:08+00:00,auth-service,INFO,heartbeat ok
2026-09-19T01:05:08+00:00,notification-worker,INFO,heartbeat ok
2026-09-19T01:07:08+00:00,payment-api,INFO,heartbeat ok
2026-09-19T01:07:08+00:00,order-service,INFO,heartbeat ok
2026-09-19T01:07:08+00:00,inventory-service,INFO,heartbeat ok
2026-09-19T01:07:08+00:00,auth-service,INFO,heartbeat ok
2026-09-19T01:07:08+00:00,notification-worker,INFO,heartbeat ok
2026-09-19T01:09:08+00:00,payment-api,INFO,heartbeat ok
2026-09-19T01:09:08+00:00,order-service,INFO,heartbeat ok
2026-09-19T01:09:08+00:00,inventory-service,INFO,heartbeat ok
2026-09-19T01:09:08+00:00,auth-service,INFO,heartbeat ok
2026-09-19T01:09:08+00:00,notification-worker,INFO,heartbeat ok
2026-09-19T01:10:08+00:00,payment-api,INFO,request processed
2026-09-19T01:10:08+00:00,order-service,INFO,request processed
2026-09-19T01:10:08+00:00,inventory-service,INFO,request processed
2026-09-19T01:10:08+00:00,auth-service,INFO,request processed
2026-09-19T01:10:08+00:00,notification-worker,INFO,request processed
2026-09-19T01:11:08+00:00,payment-api,INFO,heartbeat ok
2026-09-19T01:11:08+00:00,order-service,INFO,heartbeat ok
2026-09-19T01:11:08+00:00,inventory-service,INFO,heartbeat ok
2026-09-19T01:11:08+00:00,auth-service,INFO,heartbeat ok
2026-09-19T01:11:08+00:00,notification-worker,INFO,heartbeat ok
2026-09-19T01:13:08+00:00,payment-api,INFO,heartbeat ok
2026-09-19T01:13:08+00:00,order-service,INFO,heartbeat ok
2026-09-19T01:13:08+00:00,inventory-service,INFO,heartbeat ok
2026-09-19T01:13:08+00:00,auth-service,INFO,heartbeat ok
2026-09-19T01:13:08+00:00,notification-worker,INFO,heartbeat ok
2026-09-19T01:15:08+00:00,payment-api,INFO,heartbeat ok
2026-09-19T01:15:08+00:00,order-service,INFO,heartbeat ok
2026-09-19T01:15:08+00:00,inventory-service,INFO,heartbeat ok
2026-09-19T01:15:08+00:00,auth-service,INFO,heartbeat ok
2026-09-19T01:15:08+00:00,notification-worker,INFO,heartbeat ok
2026-09-19T01:17:08+00:00,payment-api,INFO,heartbeat ok
2026-09-19T01:17:08+00:00,order-service,INFO,heartbeat ok
2026-09-19T01:17:08+00:00,inventory-service,INFO,heartbeat ok
2026-09-19T01:17:08+00:00,auth-service,INFO,heartbeat ok
2026-09-19T01:17:08+00:00,notification-worker,INFO,heartbeat ok
2026-09-19T01:19:08+00:00,payment-api,INFO,heartbeat ok
2026-09-19T01:19:08+00:00,order-service,INFO,heartbeat ok
2026-09-19T01:19:08+00:00,inventory-service,INFO,heartbeat ok
2026-09-19T01:19:08+00:00,auth-service,INFO,heartbeat ok
2026-09-19T01:19:08+00:00,notification-worker,INFO,heartbeat ok
2026-09-19T01:21:08+00:00,payment-api,INFO,heartbeat ok
2026-09-19T01:21:08+00:00,order-service,INFO,heartbeat ok
2026-09-19T01:21:08+00:00,inventory-service,INFO,heartbeat ok
2026-09-19T01:21:08+00:00,auth-service,INFO,heartbeat ok
2026-09-19T01:21:08+00:00,notification-worker,INFO,heartbeat ok
2026-09-19T01:23:08+00:00,payment-api,INFO,heartbeat ok
2026-09-19T01:23:08+00:00,order-service,INFO,heartbeat ok
2026-09-19T01:23:08+00:00,inventory-service,INFO,heartbeat ok
2026-09-19T01:23:08+00:00,auth-service,INFO,heartbeat ok
2026-09-19T01:23:08+00:00,notification-worker,INFO,heartbeat ok
2026-09-19T01:25:08+00:00,payment-api,INFO,heartbeat ok
2026-09-19T01:25:08+00:00,order-service,INFO,heartbeat ok
2026-09-19T01:25:08+00:00,inventory-service,INFO,heartbeat ok
2026-09-19T01:25:08+00:00,auth-service,INFO,heartbeat ok
2026-09-19T01:25:08+00:00,notification-worker,INFO,heartbeat ok
2026-09-19T01:25:38+00:00,payment-api,INFO,request processed
2026-09-19T01:25:38+00:00,order-service,INFO,request processed
2026-09-19T01:25:38+00:00,inventory-service,INFO,request processed
2026-09-19T01:25:38+00:00,auth-service,INFO,request processed
2026-09-19T01:25:38+00:00,notification-worker,INFO,request processed
2026-09-19T01:27:08+00:00,payment-api,INFO,heartbeat ok
2026-09-19T01:27:08+00:00,order-service,INFO,heartbeat ok
2026-09-19T01:27:08+00:00,inventory-service,INFO,heartbeat ok
2026-09-19T01:27:08+00:00,auth-service,INFO,heartbeat ok
2026-09-19T01:27:08+00:00,notification-worker,INFO,heartbeat ok
2026-09-19T01:29:08+00:00,payment-api,INFO,heartbeat ok
2026-09-19T01:29:08+00:00,order-service,INFO,heartbeat ok
2026-09-19T01:29:08+00:00,inventory-service,INFO,heartbeat ok
2026-09-19T01:29:08+00:00,auth-service,INFO,heartbeat ok
2026-09-19T01:29:08+00:00,notification-worker,INFO,heartbeat ok
2026-09-19T01:31:08+00:00,payment-api,INFO,heartbeat ok
2026-09-19T01:31:08+00:00,order-service,INFO,heartbeat ok
2026-09-19T01:31:08+00:00,inventory-service,INFO,heartbeat ok
2026-09-19T01:31:08+00:00,auth-service,INFO,heartbeat ok
2026-09-19T01:31:08+00:00,notification-worker,INFO,heartbeat ok
2026-09-19T01:33:08+00:00,payment-api,INFO,heartbeat ok
2026-09-19T01:33:08+00:00,order-service,INFO,heartbeat ok
2026-09-19T01:33:08+00:00,inventory-service,INFO,heartbeat ok
2026-09-19T01:33:08+00:00,auth-service,INFO,heartbeat ok
2026-09-19T01:33:08+00:00,notification-worker,INFO,heartbeat ok
2026-09-19T01:35:08+00:00,payment-api,INFO,heartbeat ok
2026-09-19T01:35:08+00:00,order-service,INFO,heartbeat ok
2026-09-19T01:35:08+00:00,inventory-service,INFO,heartbeat ok
2026-09-19T01:35:08+00:00,auth-service,INFO,heartbeat ok
2026-09-19T01:35:08+00:00,notification-worker,INFO,heartbeat ok
2026-09-19T01:37:08+00:00,payment-api,INFO,heartbeat ok
2026-09-19T01:37:08+00:00,order-service,INFO,heartbeat ok
2026-09-19T01:37:08+00:00,inventory-service,INFO,heartbeat ok
2026-09-19T01:37:08+00:00,auth-service,INFO,heartbeat ok
2026-09-19T01:37:08+00:00,notification-worker,INFO,heartbeat ok
2026-09-19T01:38:38+00:00,payment-api,WARNING,connection retry
2026-09-19T01:38:38+00:00,order-service,WARNING,connection retry
2026-09-19T01:38:38+00:00,inventory-service,WARNING,connection retry
2026-09-19T01:38:38+00:00,auth-service,WARNING,connection retry
2026-09-19T01:38:38+00:00,notification-worker,WARNING,connection retry
2026-09-19T01:39:08+00:00,payment-api,INFO,heartbeat ok
2026-09-19T01:39:08+00:00,order-service,INFO,heartbeat ok
2026-09-19T01:39:08+00:00,inventory-service,INFO,heartbeat ok
2026-09-19T01:39:08+00:00,auth-service,INFO,heartbeat ok
2026-09-19T01:39:08+00:00,notification-worker,INFO,heartbeat ok
2026-09-19T01:40:38+00:00,payment-api,WARNING,slow query detected
2026-09-19T01:40:38+00:00,order-service,WARNING,slow query detected
2026-09-19T01:40:38+00:00,inventory-service,WARNING,slow query detected
2026-09-19T01:40:38+00:00,auth-service,WARNING,slow query detected
2026-09-19T01:40:38+00:00,notification-worker,WARNING,slow query detected
2026-09-19T01:41:08+00:00,payment-api,INFO,heartbeat ok
2026-09-19T01:41:08+00:00,order-service,INFO,heartbeat ok
2026-09-19T01:41:08+00:00,inventory-service,INFO,heartbeat ok
2026-09-19T01:41:08+00:00,auth-service,INFO,heartbeat ok
2026-09-19T01:41:08+00:00,notification-worker,INFO,heartbeat ok
2026-09-19T01:43:08+00:00,payment-api,INFO,heartbeat ok
2026-09-19T01:43:08+00:00,order-service,INFO,heartbeat ok
2026-09-19T01:43:08+00:00,inventory-service,INFO,heartbeat ok
2026-09-19T01:43:08+00:00,auth-service,INFO,heartbeat ok
2026-09-19T01:43:08+00:00,notification-worker,INFO,heartbeat ok
2026-09-19T01:45:08+00:00,payment-api,INFO,heartbeat ok
2026-09-19T01:45:08+00:00,order-service,INFO,heartbeat ok
2026-09-19T01:45:08+00:00,inventory-service,INFO,heartbeat ok
2026-09-19T01:45:08+00:00,auth-service,INFO,heartbeat ok
2026-09-19T01:45:08+00:00,notification-worker,INFO,heartbeat ok
2026-09-19T01:45:38+00:00,order-service,WARNING,response latency increasing
2026-09-19T01:46:08+00:00,order-service,WARNING,response latency increasing
2026-09-19T01:46:38+00:00,order-service,WARNING,response latency increasing
2026-09-19T01:47:08+00:00,payment-api,INFO,heartbeat ok
2026-09-19T01:47:08+00:00,order-service,WARNING,response latency increasing
2026-09-19T01:47:08+00:00,inventory-service,INFO,heartbeat ok
2026-09-19T01:47:08+00:00,auth-service,INFO,heartbeat ok
2026-09-19T01:47:08+00:00,notification-worker,INFO,heartbeat ok
2026-09-19T01:47:38+00:00,order-service,WARNING,response latency increasing
2026-09-19T01:48:08+00:00,order-service,WARNING,response latency increasing
2026-09-19T01:48:38+00:00,order-service,WARNING,response latency increasing
2026-09-19T01:49:08+00:00,payment-api,INFO,heartbeat ok
2026-09-19T01:49:08+00:00,order-service,WARNING,response latency increasing
2026-09-19T01:49:08+00:00,inventory-service,INFO,heartbeat ok
2026-09-19T01:49:08+00:00,auth-service,INFO,heartbeat ok
2026-09-19T01:49:08+00:00,notification-worker,INFO,heartbeat ok
2026-09-19T01:49:38+00:00,order-service,ERROR,service unavailable
2026-09-19T01:49:38+00:00,order-service,WARNING,retry attempt
2026-09-19T01:50:08+00:00,order-service,ERROR,service unavailable
2026-09-19T01:50:08+00:00,order-service,WARNING,retry attempt
2026-09-19T01:50:38+00:00,order-service,ERROR,service unavailable
2026-09-19T01:50:38+00:00,order-service,WARNING,retry attempt
2026-09-19T01:51:08+00:00,payment-api,INFO,heartbeat ok
2026-09-19T01:51:08+00:00,order-service,ERROR,service unavailable
2026-09-19T01:51:08+00:00,order-service,WARNING,retry attempt
2026-09-19T01:51:08+00:00,inventory-service,INFO,heartbeat ok
2026-09-19T01:51:08+00:00,auth-service,INFO,heartbeat ok
2026-09-19T01:51:08+00:00,notification-worker,INFO,heartbeat ok
2026-09-19T01:51:38+00:00,order-service,ERROR,service unavailable
2026-09-19T01:51:38+00:00,order-service,WARNING,retry attempt
2026-09-19T01:52:08+00:00,order-service,ERROR,service unavailable
2026-09-19T01:52:08+00:00,order-service,WARNING,retry attempt
2026-09-19T01:52:38+00:00,order-service,ERROR,service unavailable
2026-09-19T01:52:38+00:00,order-service,WARNING,retry attempt
2026-09-19T01:53:08+00:00,payment-api,INFO,heartbeat ok
2026-09-19T01:53:08+00:00,order-service,ERROR,service unavailable
2026-09-19T01:53:08+00:00,order-service,WARNING,retry attempt
2026-09-19T01:53:08+00:00,inventory-service,INFO,heartbeat ok
2026-09-19T01:53:08+00:00,auth-service,INFO,heartbeat ok
2026-09-19T01:53:08+00:00,notification-worker,INFO,heartbeat ok
2026-09-19T01:53:38+00:00,order-service,ERROR,service unavailable
2026-09-19T01:53:38+00:00,order-service,WARNING,retry attempt
2026-09-19T01:54:08+00:00,order-service,ERROR,service unavailable
2026-09-19T01:54:08+00:00,order-service,WARNING,retry attempt
2026-09-19T01:54:38+00:00,order-service,ERROR,service unavailable
2026-09-19T01:54:38+00:00,order-service,WARNING,retry attempt
2026-09-19T01:55:08+00:00,payment-api,INFO,heartbeat ok
2026-09-19T01:55:08+00:00,order-service,ERROR,service unavailable
2026-09-19T01:55:08+00:00,order-service,WARNING,retry attempt
2026-09-19T01:55:08+00:00,inventory-service,INFO,heartbeat ok
2026-09-19T01:55:08+00:00,auth-service,INFO,heartbeat ok
2026-09-19T01:55:08+00:00,notification-worker,INFO,heartbeat ok
2026-09-19T01:55:38+00:00,order-service,ERROR,service unavailable
2026-09-19T01:55:38+00:00,order-service,WARNING,retry attempt
2026-09-19T01:56:08+00:00,order-service,ERROR,service unavailable
2026-09-19T01:56:08+00:00,order-service,WARNING,retry attempt
2026-09-19T01:56:38+00:00,payment-api,INFO,request processed
2026-09-19T01:56:38+00:00,order-service,ERROR,service unavailable
2026-09-19T01:56:38+00:00,order-service,WARNING,retry attempt
2026-09-19T01:56:38+00:00,inventory-service,INFO,request processed
2026-09-19T01:56:38+00:00,auth-service,INFO,request processed
2026-09-19T01:56:38+00:00,notification-worker,INFO,request processed
2026-09-19T01:57:08+00:00,payment-api,INFO,heartbeat ok
2026-09-19T01:57:08+00:00,order-service,ERROR,service unavailable
2026-09-19T01:57:08+00:00,order-service,WARNING,retry attempt
2026-09-19T01:57:08+00:00,inventory-service,INFO,heartbeat ok
2026-09-19T01:57:08+00:00,auth-service,INFO,heartbeat ok
2026-09-19T01:57:08+00:00,notification-worker,INFO,heartbeat ok
2026-09-19T01:57:38+00:00,order-service,ERROR,service unavailable
2026-09-19T01:57:38+00:00,order-service,WARNING,retry attempt
2026-09-19T01:58:08+00:00,order-service,ERROR,service unavailable
2026-09-19T01:58:08+00:00,order-service,WARNING,retry attempt
2026-09-19T01:58:38+00:00,order-service,ERROR,service unavailable
2026-09-19T01:58:38+00:00,order-service,WARNING,retry attempt
2026-09-19T01:59:08+00:00,payment-api,INFO,heartbeat ok
2026-09-19T01:59:08+00:00,order-service,ERROR,service unavailable
2026-09-19T01:59:08+00:00,order-service,WARNING,retry attempt
2026-09-19T01:59:08+00:00,inventory-service,INFO,heartbeat ok
2026-09-19T01:59:08+00:00,auth-service,INFO,heartbeat ok
2026-09-19T01:59:08+00:00,notification-worker,INFO,heartbeat ok
2026-09-19T01:59:38+00:00,order-service,ERROR,service unavailable
2026-09-19T01:59:38+00:00,order-service,WARNING,retry attempt
2026-09-19T02:00:08+00:00,order-service,ERROR,service unavailable
2026-09-19T02:00:08+00:00,order-service,WARNING,retry attempt
2026-09-19T02:00:38+00:00,order-service,ERROR,service unavailable
2026-09-19T02:00:38+00:00,order-service,WARNING,retry attempt
2026-09-19T02:01:08+00:00,payment-api,INFO,heartbeat ok
2026-09-19T02:01:08+00:00,order-service,ERROR,service unavailable
2026-09-19T02:01:08+00:00,order-service,WARNING,retry attempt
2026-09-19T02:01:08+00:00,inventory-service,INFO,heartbeat ok
2026-09-19T02:01:08+00:00,auth-service,INFO,heartbeat ok
2026-09-19T02:01:08+00:00,notification-worker,INFO,heartbeat ok
2026-09-19T02:01:38+00:00,order-service,ERROR,service unavailable
2026-09-19T02:01:38+00:00,order-service,WARNING,retry attempt
2026-09-19T02:02:08+00:00,order-service,ERROR,service unavailable
2026-09-19T02:02:08+00:00,order-service,WARNING,retry attempt
2026-09-19T02:02:38+00:00,order-service,ERROR,service unavailable
2026-09-19T02:02:38+00:00,order-service,WARNING,retry attempt
2026-09-19T02:03:08+00:00,payment-api,INFO,heartbeat ok
2026-09-19T02:03:08+00:00,order-service,ERROR,service unavailable
2026-09-19T02:03:08+00:00,order-service,WARNING,retry attempt
2026-09-19T02:03:08+00:00,inventory-service,INFO,heartbeat ok
2026-09-19T02:03:08+00:00,auth-service,INFO,heartbeat ok
2026-09-19T02:03:08+00:00,notification-worker,INFO,heartbeat ok
2026-09-19T02:03:38+00:00,order-service,ERROR,service unavailable
2026-09-19T02:03:38+00:00,order-service,WARNING,retry attempt
2026-09-19T02:04:08+00:00,order-service,ERROR,service unavailable
2026-09-19T02:04:08+00:00,order-service,WARNING,retry attempt
2026-09-19T02:04:38+00:00,order-service,ERROR,service unavailable
2026-09-19T02:04:38+00:00,order-service,WARNING,retry attempt
2026-09-19T02:05:08+00:00,payment-api,INFO,heartbeat ok
2026-09-19T02:05:08+00:00,order-service,ERROR,service unavailable
2026-09-19T02:05:08+00:00,order-service,WARNING,retry attempt
2026-09-19T02:05:08+00:00,inventory-service,INFO,heartbeat ok
2026-09-19T02:05:08+00:00,auth-service,INFO,heartbeat ok
2026-09-19T02:05:08+00:00,notification-worker,INFO,heartbeat ok
2026-09-19T02:07:08+00:00,payment-api,INFO,heartbeat ok
2026-09-19T02:07:08+00:00,order-service,INFO,heartbeat ok
2026-09-19T02:07:08+00:00,inventory-service,INFO,heartbeat ok
2026-09-19T02:07:08+00:00,auth-service,INFO,heartbeat ok
2026-09-19T02:07:08+00:00,notification-worker,INFO,heartbeat ok
2026-09-19T02:09:08+00:00,payment-api,INFO,heartbeat ok
2026-09-19T02:09:08+00:00,order-service,INFO,heartbeat ok
2026-09-19T02:09:08+00:00,inventory-service,INFO,heartbeat ok
2026-09-19T02:09:08+00:00,auth-service,INFO,heartbeat ok
2026-09-19T02:09:08+00:00,notification-worker,INFO,heartbeat ok
2026-09-19T02:11:08+00:00,payment-api,INFO,heartbeat ok
2026-09-19T02:11:08+00:00,order-service,INFO,heartbeat ok
2026-09-19T02:11:08+00:00,inventory-service,INFO,heartbeat ok
2026-09-19T02:11:08+00:00,auth-service,INFO,heartbeat ok
2026-09-19T02:11:08+00:00,notification-worker,INFO,heartbeat ok
2026-09-19T02:12:08+00:00,payment-api,INFO,request processed
2026-09-19T02:12:08+00:00,order-service,INFO,request processed
2026-09-19T02:12:08+00:00,inventory-service,INFO,request processed
2026-09-19T02:12:08+00:00,auth-service,INFO,request processed
2026-09-19T02:12:08+00:00,notification-worker,INFO,request processed
2026-09-19T02:13:08+00:00,payment-api,INFO,heartbeat ok
2026-09-19T02:13:08+00:00,order-service,INFO,heartbeat ok
2026-09-19T02:13:08+00:00,inventory-service,INFO,heartbeat ok
2026-09-19T02:13:08+00:00,auth-service,INFO,heartbeat ok
2026-09-19T02:13:08+00:00,notification-worker,INFO,heartbeat ok
2026-09-19T02:15:08+00:00,payment-api,INFO,heartbeat ok
2026-09-19T02:15:08+00:00,order-service,INFO,heartbeat ok
2026-09-19T02:15:08+00:00,inventory-service,INFO,heartbeat ok
2026-09-19T02:15:08+00:00,auth-service,INFO,heartbeat ok
2026-09-19T02:15:08+00:00,notification-worker,INFO,heartbeat ok
2026-09-19T02:17:08+00:00,payment-api,INFO,heartbeat ok
2026-09-19T02:17:08+00:00,order-service,INFO,heartbeat ok
2026-09-19T02:17:08+00:00,inventory-service,INFO,heartbeat ok
2026-09-19T02:17:08+00:00,auth-service,INFO,heartbeat ok
2026-09-19T02:17:08+00:00,notification-worker,INFO,heartbeat ok
2026-09-19T02:19:08+00:00,payment-api,INFO,heartbeat ok
2026-09-19T02:19:08+00:00,order-service,INFO,heartbeat ok
2026-09-19T02:19:08+00:00,inventory-service,INFO,heartbeat ok
2026-09-19T02:19:08+00:00,auth-service,INFO,heartbeat ok
2026-09-19T02:19:08+00:00,notification-worker,INFO,heartbeat ok
2026-09-19T02:21:08+00:00,payment-api,INFO,heartbeat ok
2026-09-19T02:21:08+00:00,order-service,INFO,heartbeat ok
2026-09-19T02:21:08+00:00,inventory-service,INFO,heartbeat ok
2026-09-19T02:21:08+00:00,auth-service,INFO,heartbeat ok
2026-09-19T02:21:08+00:00,notification-worker,INFO,heartbeat ok
2026-09-19T02:23:08+00:00,payment-api,INFO,heartbeat ok
2026-09-19T02:23:08+00:00,order-service,INFO,heartbeat ok
2026-09-19T02:23:08+00:00,inventory-service,INFO,heartbeat ok
2026-09-19T02:23:08+00:00,auth-service,INFO,heartbeat ok
2026-09-19T02:23:08+00:00,notification-worker,INFO,heartbeat ok
2026-09-19T02:25:08+00:00,payment-api,INFO,heartbeat ok
2026-09-19T02:25:08+00:00,order-service,INFO,heartbeat ok
2026-09-19T02:25:08+00:00,inventory-service,INFO,heartbeat ok
2026-09-19T02:25:08+00:00,auth-service,INFO,heartbeat ok
2026-09-19T02:25:08+00:00,notification-worker,INFO,heartbeat ok
2026-09-19T02:25:38+00:00,payment-api,ERROR,temporary upstream timeout
2026-09-19T02:25:38+00:00,order-service,ERROR,temporary upstream timeout
2026-09-19T02:25:38+00:00,inventory-service,ERROR,temporary upstream timeout
2026-09-19T02:25:38+00:00,auth-service,ERROR,temporary upstream timeout
2026-09-19T02:25:38+00:00,notification-worker,ERROR,temporary upstream timeout
2026-09-19T02:27:08+00:00,payment-api,INFO,heartbeat ok
2026-09-19T02:27:08+00:00,order-service,INFO,heartbeat ok
2026-09-19T02:27:08+00:00,inventory-service,INFO,heartbeat ok
2026-09-19T02:27:08+00:00,auth-service,INFO,heartbeat ok
2026-09-19T02:27:08+00:00,notification-worker,INFO,heartbeat ok
2026-09-19T02:27:38+00:00,payment-api,INFO,request processed
2026-09-19T02:27:38+00:00,order-service,INFO,request processed
2026-09-19T02:27:38+00:00,inventory-service,INFO,request processed
2026-09-19T02:27:38+00:00,auth-service,INFO,request processed
2026-09-19T02:27:38+00:00,notification-worker,INFO,request processed
2026-09-19T02:29:08+00:00,payment-api,INFO,heartbeat ok
2026-09-19T02:29:08+00:00,order-service,INFO,heartbeat ok
2026-09-19T02:29:08+00:00,inventory-service,INFO,heartbeat ok
2026-09-19T02:29:08+00:00,auth-service,INFO,heartbeat ok
2026-09-19T02:29:08+00:00,notification-worker,INFO,heartbeat ok
2026-09-19T02:31:08+00:00,payment-api,INFO,heartbeat ok
2026-09-19T02:31:08+00:00,order-service,INFO,heartbeat ok
2026-09-19T02:31:08+00:00,inventory-service,INFO,heartbeat ok
2026-09-19T02:31:08+00:00,auth-service,INFO,heartbeat ok
2026-09-19T02:31:08+00:00,notification-worker,INFO,heartbeat ok
2026-09-19T02:33:08+00:00,payment-api,INFO,heartbeat ok
2026-09-19T02:33:08+00:00,order-service,INFO,heartbeat ok
2026-09-19T02:33:08+00:00,inventory-service,INFO,heartbeat ok
2026-09-19T02:33:08+00:00,auth-service,INFO,heartbeat ok
2026-09-19T02:33:08+00:00,notification-worker,INFO,heartbeat ok
2026-09-19T02:35:08+00:00,payment-api,INFO,heartbeat ok
2026-09-19T02:35:08+00:00,order-service,INFO,heartbeat ok
2026-09-19T02:35:08+00:00,inventory-service,INFO,heartbeat ok
2026-09-19T02:35:08+00:00,auth-service,INFO,heartbeat ok
2026-09-19T02:35:08+00:00,notification-worker,INFO,heartbeat ok
2026-09-19T02:37:08+00:00,payment-api,INFO,heartbeat ok
2026-09-19T02:37:08+00:00,order-service,INFO,heartbeat ok
2026-09-19T02:37:08+00:00,inventory-service,INFO,heartbeat ok
2026-09-19T02:37:08+00:00,auth-service,INFO,heartbeat ok
2026-09-19T02:37:08+00:00,notification-worker,INFO,heartbeat ok
2026-09-19T02:39:08+00:00,payment-api,INFO,heartbeat ok
2026-09-19T02:39:08+00:00,order-service,INFO,heartbeat ok
2026-09-19T02:39:08+00:00,inventory-service,INFO,heartbeat ok
2026-09-19T02:39:08+00:00,auth-service,INFO,heartbeat ok
2026-09-19T02:39:08+00:00,notification-worker,INFO,heartbeat ok
2026-09-19T02:41:08+00:00,payment-api,INFO,heartbeat ok
2026-09-19T02:41:08+00:00,order-service,INFO,heartbeat ok
2026-09-19T02:41:08+00:00,inventory-service,INFO,heartbeat ok
2026-09-19T02:41:08+00:00,auth-service,INFO,heartbeat ok
2026-09-19T02:41:08+00:00,notification-worker,INFO,heartbeat ok
2026-09-19T02:43:08+00:00,payment-api,INFO,heartbeat ok
2026-09-19T02:43:08+00:00,order-service,INFO,heartbeat ok
2026-09-19T02:43:08+00:00,inventory-service,INFO,heartbeat ok
2026-09-19T02:43:08+00:00,auth-service,INFO,heartbeat ok
2026-09-19T02:43:08+00:00,notification-worker,INFO,heartbeat ok
2026-09-19T02:44:08+00:00,payment-api,WARNING,connection retry
2026-09-19T02:44:08+00:00,order-service,WARNING,connection retry
2026-09-19T02:44:08+00:00,inventory-service,WARNING,connection retry
2026-09-19T02:44:08+00:00,auth-service,WARNING,connection retry
2026-09-19T02:44:08+00:00,notification-worker,WARNING,connection retry
2026-09-19T02:45:08+00:00,payment-api,INFO,heartbeat ok
2026-09-19T02:45:08+00:00,order-service,INFO,heartbeat ok
2026-09-19T02:45:08+00:00,inventory-service,INFO,heartbeat ok
2026-09-19T02:45:08+00:00,auth-service,INFO,heartbeat ok
2026-09-19T02:45:08+00:00,notification-worker,INFO,heartbeat ok
2026-09-19T02:47:08+00:00,payment-api,INFO,heartbeat ok
2026-09-19T02:47:08+00:00,order-service,INFO,heartbeat ok
2026-09-19T02:47:08+00:00,inventory-service,INFO,heartbeat ok
2026-09-19T02:47:08+00:00,auth-service,INFO,heartbeat ok
2026-09-19T02:47:08+00:00,notification-worker,INFO,heartbeat ok
2026-09-19T02:49:08+00:00,payment-api,INFO,heartbeat ok
2026-09-19T02:49:08+00:00,order-service,INFO,heartbeat ok
2026-09-19T02:49:08+00:00,inventory-service,INFO,heartbeat ok
2026-09-19T02:49:08+00:00,auth-service,INFO,heartbeat ok
2026-09-19T02:49:08+00:00,notification-worker,INFO,heartbeat ok
2026-09-19T02:51:08+00:00,payment-api,INFO,heartbeat ok
2026-09-19T02:51:08+00:00,order-service,INFO,heartbeat ok
2026-09-19T02:51:08+00:00,inventory-service,INFO,heartbeat ok
2026-09-19T02:51:08+00:00,auth-service,INFO,heartbeat ok
2026-09-19T02:51:08+00:00,notification-worker,INFO,heartbeat ok
2026-09-19T02:53:08+00:00,payment-api,INFO,heartbeat ok
2026-09-19T02:53:08+00:00,order-service,INFO,heartbeat ok
2026-09-19T02:53:08+00:00,inventory-service,INFO,heartbeat ok
2026-09-19T02:53:08+00:00,auth-service,INFO,heartbeat ok
2026-09-19T02:53:08+00:00,notification-worker,INFO,heartbeat ok
2026-09-19T02:55:08+00:00,payment-api,INFO,heartbeat ok
2026-09-19T02:55:08+00:00,order-service,INFO,heartbeat ok
2026-09-19T02:55:08+00:00,inventory-service,INFO,heartbeat ok
2026-09-19T02:55:08+00:00,auth-service,INFO,heartbeat ok
2026-09-19T02:55:08+00:00,notification-worker,INFO,heartbeat ok
2026-09-19T02:57:08+00:00,payment-api,INFO,heartbeat ok
2026-09-19T02:57:08+00:00,order-service,INFO,heartbeat ok
2026-09-19T02:57:08+00:00,inventory-service,INFO,heartbeat ok
2026-09-19T02:57:08+00:00,auth-service,INFO,heartbeat ok
2026-09-19T02:57:08+00:00,notification-worker,INFO,heartbeat ok
2026-09-19T02:58:38+00:00,payment-api,INFO,request processed
2026-09-19T02:58:38+00:00,order-service,INFO,request processed
2026-09-19T02:58:38+00:00,inventory-service,INFO,request processed
2026-09-19T02:58:38+00:00,auth-service,INFO,request processed
2026-09-19T02:58:38+00:00,notification-worker,INFO,request processed
2026-09-19T02:59:08+00:00,payment-api,INFO,heartbeat ok
2026-09-19T02:59:08+00:00,order-service,INFO,heartbeat ok
2026-09-19T02:59:08+00:00,inventory-service,INFO,heartbeat ok
2026-09-19T02:59:08+00:00,auth-service,INFO,heartbeat ok
2026-09-19T02:59:08+00:00,notification-worker,INFO,heartbeat ok
2026-09-19T03:01:08+00:00,payment-api,INFO,heartbeat ok
2026-09-19T03:01:08+00:00,order-service,INFO,heartbeat ok
2026-09-19T03:01:08+00:00,inventory-service,INFO,heartbeat ok
2026-09-19T03:01:08+00:00,auth-service,INFO,heartbeat ok
2026-09-19T03:01:08+00:00,notification-worker,INFO,heartbeat ok
2026-09-19T03:03:08+00:00,payment-api,INFO,heartbeat ok
2026-09-19T03:03:08+00:00,order-service,INFO,heartbeat ok
2026-09-19T03:03:08+00:00,inventory-service,INFO,heartbeat ok
2026-09-19T03:03:08+00:00,auth-service,INFO,heartbeat ok
2026-09-19T03:03:08+00:00,notification-worker,INFO,heartbeat ok
2026-09-19T03:05:08+00:00,payment-api,INFO,heartbeat ok
2026-09-19T03:05:08+00:00,order-service,INFO,heartbeat ok
2026-09-19T03:05:08+00:00,inventory-service,INFO,heartbeat ok
2026-09-19T03:05:08+00:00,auth-service,INFO,heartbeat ok
2026-09-19T03:05:08+00:00,notification-worker,INFO,heartbeat ok
2026-09-19T03:05:38+00:00,notification-worker,WARNING,network flapping detected
2026-09-19T03:06:08+00:00,notification-worker,WARNING,retry attempt
2026-09-19T03:06:08+00:00,notification-worker,ERROR,connection timeout
2026-09-19T03:06:38+00:00,notification-worker,WARNING,retry attempt
2026-09-19T03:06:38+00:00,notification-worker,ERROR,connection timeout
2026-09-19T03:07:08+00:00,payment-api,INFO,heartbeat ok
2026-09-19T03:07:08+00:00,order-service,INFO,heartbeat ok
2026-09-19T03:07:08+00:00,inventory-service,INFO,heartbeat ok
2026-09-19T03:07:08+00:00,auth-service,INFO,heartbeat ok
2026-09-19T03:07:08+00:00,notification-worker,WARNING,retry attempt
2026-09-19T03:07:08+00:00,notification-worker,ERROR,connection timeout
2026-09-19T03:07:38+00:00,notification-worker,WARNING,retry attempt
2026-09-19T03:07:38+00:00,notification-worker,ERROR,connection timeout
2026-09-19T03:08:08+00:00,notification-worker,WARNING,network flapping detected
2026-09-19T03:08:38+00:00,notification-worker,WARNING,network flapping detected
2026-09-19T03:09:08+00:00,payment-api,INFO,heartbeat ok
2026-09-19T03:09:08+00:00,order-service,INFO,heartbeat ok
2026-09-19T03:09:08+00:00,inventory-service,INFO,heartbeat ok
2026-09-19T03:09:08+00:00,auth-service,INFO,heartbeat ok
2026-09-19T03:09:08+00:00,notification-worker,WARNING,network flapping detected
2026-09-19T03:09:38+00:00,notification-worker,WARNING,network flapping detected
2026-09-19T03:10:08+00:00,notification-worker,WARNING,network flapping detected
2026-09-19T03:10:38+00:00,notification-worker,WARNING,retry attempt
2026-09-19T03:10:38+00:00,notification-worker,ERROR,connection timeout
2026-09-19T03:11:08+00:00,payment-api,INFO,heartbeat ok
2026-09-19T03:11:08+00:00,order-service,INFO,heartbeat ok
2026-09-19T03:11:08+00:00,inventory-service,INFO,heartbeat ok
2026-09-19T03:11:08+00:00,auth-service,INFO,heartbeat ok
2026-09-19T03:11:08+00:00,notification-worker,WARNING,retry attempt
2026-09-19T03:11:08+00:00,notification-worker,ERROR,connection timeout
2026-09-19T03:11:38+00:00,notification-worker,WARNING,retry attempt
2026-09-19T03:11:38+00:00,notification-worker,ERROR,connection timeout
2026-09-19T03:12:08+00:00,notification-worker,WARNING,retry attempt
2026-09-19T03:12:08+00:00,notification-worker,ERROR,connection timeout
2026-09-19T03:12:38+00:00,notification-worker,WARNING,retry attempt
2026-09-19T03:12:38+00:00,notification-worker,ERROR,connection timeout
2026-09-19T03:13:08+00:00,payment-api,INFO,heartbeat ok
2026-09-19T03:13:08+00:00,order-service,INFO,heartbeat ok
2026-09-19T03:13:08+00:00,inventory-service,INFO,heartbeat ok
2026-09-19T03:13:08+00:00,auth-service,INFO,heartbeat ok
2026-09-19T03:13:08+00:00,notification-worker,WARNING,network flapping detected
2026-09-19T03:13:38+00:00,notification-worker,WARNING,network flapping detected
2026-09-19T03:14:08+00:00,payment-api,INFO,request processed
2026-09-19T03:14:08+00:00,order-service,INFO,request processed
2026-09-19T03:14:08+00:00,inventory-service,INFO,request processed
2026-09-19T03:14:08+00:00,auth-service,INFO,request processed
2026-09-19T03:14:08+00:00,notification-worker,WARNING,network flapping detected
2026-09-19T03:14:38+00:00,notification-worker,WARNING,network flapping detected
2026-09-19T03:15:08+00:00,payment-api,INFO,heartbeat ok
2026-09-19T03:15:08+00:00,order-service,INFO,heartbeat ok
2026-09-19T03:15:08+00:00,inventory-service,INFO,heartbeat ok
2026-09-19T03:15:08+00:00,auth-service,INFO,heartbeat ok
2026-09-19T03:15:08+00:00,notification-worker,WARNING,network flapping detected
2026-09-19T03:15:38+00:00,notification-worker,WARNING,retry attempt
2026-09-19T03:15:38+00:00,notification-worker,ERROR,connection timeout
2026-09-19T03:16:08+00:00,notification-worker,WARNING,retry attempt
2026-09-19T03:16:08+00:00,notification-worker,ERROR,connection timeout
2026-09-19T03:16:38+00:00,notification-worker,WARNING,retry attempt
2026-09-19T03:16:38+00:00,notification-worker,ERROR,connection timeout
2026-09-19T03:17:08+00:00,payment-api,INFO,heartbeat ok
2026-09-19T03:17:08+00:00,order-service,INFO,heartbeat ok
2026-09-19T03:17:08+00:00,inventory-service,INFO,heartbeat ok
2026-09-19T03:17:08+00:00,auth-service,INFO,heartbeat ok
2026-09-19T03:17:08+00:00,notification-worker,WARNING,retry attempt
2026-09-19T03:17:08+00:00,notification-worker,ERROR,connection timeout
2026-09-19T03:17:38+00:00,payment-api,WARNING,slow query detected
2026-09-19T03:17:38+00:00,order-service,WARNING,slow query detected
2026-09-19T03:17:38+00:00,inventory-service,WARNING,slow query detected
2026-09-19T03:17:38+00:00,auth-service,WARNING,slow query detected
2026-09-19T03:17:38+00:00,notification-worker,WARNING,retry attempt
2026-09-19T03:17:38+00:00,notification-worker,ERROR,connection timeout
2026-09-19T03:18:08+00:00,notification-worker,WARNING,network flapping detected
2026-09-19T03:18:38+00:00,notification-worker,WARNING,network flapping detected
2026-09-19T03:19:08+00:00,payment-api,INFO,heartbeat ok
2026-09-19T03:19:08+00:00,order-service,INFO,heartbeat ok
2026-09-19T03:19:08+00:00,inventory-service,INFO,heartbeat ok
2026-09-19T03:19:08+00:00,auth-service,INFO,heartbeat ok
2026-09-19T03:19:08+00:00,notification-worker,WARNING,network flapping detected
2026-09-19T03:19:38+00:00,notification-worker,WARNING,network flapping detected
2026-09-19T03:20:08+00:00,notification-worker,WARNING,network flapping detected
2026-09-19T03:20:38+00:00,notification-worker,WARNING,retry attempt
2026-09-19T03:20:38+00:00,notification-worker,ERROR,connection timeout
2026-09-19T03:21:08+00:00,payment-api,INFO,heartbeat ok
2026-09-19T03:21:08+00:00,order-service,INFO,heartbeat ok
2026-09-19T03:21:08+00:00,inventory-service,INFO,heartbeat ok
2026-09-19T03:21:08+00:00,auth-service,INFO,heartbeat ok
2026-09-19T03:21:08+00:00,notification-worker,WARNING,retry attempt
2026-09-19T03:21:08+00:00,notification-worker,ERROR,connection timeout
2026-09-19T03:21:38+00:00,notification-worker,WARNING,retry attempt
2026-09-19T03:21:38+00:00,notification-worker,ERROR,connection timeout
2026-09-19T03:22:08+00:00,notification-worker,WARNING,retry attempt
2026-09-19T03:22:08+00:00,notification-worker,ERROR,connection timeout
2026-09-19T03:22:38+00:00,notification-worker,WARNING,network flapping detected
2026-09-19T03:23:08+00:00,payment-api,INFO,heartbeat ok
2026-09-19T03:23:08+00:00,order-service,INFO,heartbeat ok
2026-09-19T03:23:08+00:00,inventory-service,INFO,heartbeat ok
2026-09-19T03:23:08+00:00,auth-service,INFO,heartbeat ok
2026-09-19T03:23:08+00:00,notification-worker,WARNING,network flapping detected
2026-09-19T03:23:38+00:00,notification-worker,WARNING,network flapping detected
2026-09-19T03:24:08+00:00,notification-worker,WARNING,network flapping detected
2026-09-19T03:24:38+00:00,notification-worker,WARNING,network flapping detected
2026-09-19T03:25:08+00:00,payment-api,INFO,heartbeat ok
2026-09-19T03:25:08+00:00,order-service,INFO,heartbeat ok
2026-09-19T03:25:08+00:00,inventory-service,INFO,heartbeat ok
2026-09-19T03:25:08+00:00,auth-service,INFO,heartbeat ok
2026-09-19T03:25:08+00:00,notification-worker,WARNING,retry attempt
2026-09-19T03:25:08+00:00,notification-worker,ERROR,connection timeout
2026-09-19T03:25:38+00:00,notification-worker,WARNING,retry attempt
2026-09-19T03:25:38+00:00,notification-worker,ERROR,connection timeout
2026-09-19T03:26:08+00:00,notification-worker,WARNING,retry attempt
2026-09-19T03:26:08+00:00,notification-worker,ERROR,connection timeout
2026-09-19T03:26:38+00:00,notification-worker,WARNING,retry attempt
2026-09-19T03:26:38+00:00,notification-worker,ERROR,connection timeout
2026-09-19T03:27:08+00:00,payment-api,INFO,heartbeat ok
2026-09-19T03:27:08+00:00,order-service,INFO,heartbeat ok
2026-09-19T03:27:08+00:00,inventory-service,INFO,heartbeat ok
2026-09-19T03:27:08+00:00,auth-service,INFO,heartbeat ok
2026-09-19T03:27:08+00:00,notification-worker,WARNING,retry attempt
2026-09-19T03:27:08+00:00,notification-worker,ERROR,connection timeout
2026-09-19T03:27:38+00:00,notification-worker,WARNING,network flapping detected
2026-09-19T03:28:08+00:00,notification-worker,WARNING,network flapping detected
2026-09-19T03:28:38+00:00,notification-worker,WARNING,network flapping detected
2026-09-19T03:29:08+00:00,payment-api,INFO,heartbeat ok
2026-09-19T03:29:08+00:00,order-service,INFO,heartbeat ok
2026-09-19T03:29:08+00:00,inventory-service,INFO,heartbeat ok
2026-09-19T03:29:08+00:00,auth-service,INFO,heartbeat ok
2026-09-19T03:29:08+00:00,notification-worker,WARNING,network flapping detected
2026-09-19T03:29:38+00:00,payment-api,INFO,request processed
2026-09-19T03:29:38+00:00,order-service,INFO,request processed
2026-09-19T03:29:38+00:00,inventory-service,INFO,request processed
2026-09-19T03:29:38+00:00,auth-service,INFO,request processed
2026-09-19T03:29:38+00:00,notification-worker,WARNING,network flapping detected
2026-09-19T03:30:08+00:00,notification-worker,WARNING,retry attempt
2026-09-19T03:30:08+00:00,notification-worker,ERROR,connection timeout
2026-09-19T03:31:08+00:00,payment-api,INFO,heartbeat ok
2026-09-19T03:31:08+00:00,order-service,INFO,heartbeat ok
2026-09-19T03:31:08+00:00,inventory-service,INFO,heartbeat ok
2026-09-19T03:31:08+00:00,auth-service,INFO,heartbeat ok
2026-09-19T03:31:08+00:00,notification-worker,INFO,heartbeat ok
2026-09-19T03:33:08+00:00,payment-api,INFO,heartbeat ok
2026-09-19T03:33:08+00:00,order-service,INFO,heartbeat ok
2026-09-19T03:33:08+00:00,inventory-service,INFO,heartbeat ok
2026-09-19T03:33:08+00:00,auth-service,INFO,heartbeat ok
2026-09-19T03:33:08+00:00,notification-worker,INFO,heartbeat ok
2026-09-19T03:35:08+00:00,payment-api,INFO,heartbeat ok
2026-09-19T03:35:08+00:00,order-service,INFO,heartbeat ok
2026-09-19T03:35:08+00:00,inventory-service,INFO,heartbeat ok
2026-09-19T03:35:08+00:00,auth-service,INFO,heartbeat ok
2026-09-19T03:35:08+00:00,notification-worker,INFO,heartbeat ok
2026-09-19T03:37:08+00:00,payment-api,INFO,heartbeat ok
2026-09-19T03:37:08+00:00,order-service,INFO,heartbeat ok
2026-09-19T03:37:08+00:00,inventory-service,INFO,heartbeat ok
2026-09-19T03:37:08+00:00,auth-service,INFO,heartbeat ok
2026-09-19T03:37:08+00:00,notification-worker,INFO,heartbeat ok
2026-09-19T03:39:08+00:00,payment-api,INFO,heartbeat ok
2026-09-19T03:39:08+00:00,order-service,INFO,heartbeat ok
2026-09-19T03:39:08+00:00,inventory-service,INFO,heartbeat ok
2026-09-19T03:39:08+00:00,auth-service,INFO,heartbeat ok
2026-09-19T03:39:08+00:00,notification-worker,INFO,heartbeat ok
2026-09-19T03:41:08+00:00,payment-api,INFO,heartbeat ok
2026-09-19T03:41:08+00:00,order-service,INFO,heartbeat ok
2026-09-19T03:41:08+00:00,inventory-service,INFO,heartbeat ok
2026-09-19T03:41:08+00:00,auth-service,INFO,heartbeat ok
2026-09-19T03:41:08+00:00,notification-worker,INFO,heartbeat ok
2026-09-19T03:43:08+00:00,payment-api,INFO,heartbeat ok
2026-09-19T03:43:08+00:00,order-service,INFO,heartbeat ok
2026-09-19T03:43:08+00:00,inventory-service,INFO,heartbeat ok
2026-09-19T03:43:08+00:00,auth-service,INFO,heartbeat ok
2026-09-19T03:43:08+00:00,notification-worker,INFO,heartbeat ok
2026-09-19T03:45:08+00:00,payment-api,INFO,heartbeat ok
2026-09-19T03:45:08+00:00,order-service,INFO,heartbeat ok
2026-09-19T03:45:08+00:00,inventory-service,INFO,heartbeat ok
2026-09-19T03:45:08+00:00,auth-service,INFO,heartbeat ok
2026-09-19T03:45:08+00:00,notification-worker,INFO,heartbeat ok
2026-09-19T03:47:08+00:00,payment-api,INFO,heartbeat ok
2026-09-19T03:47:08+00:00,order-service,INFO,heartbeat ok
2026-09-19T03:47:08+00:00,inventory-service,INFO,heartbeat ok
2026-09-19T03:47:08+00:00,auth-service,INFO,heartbeat ok
2026-09-19T03:47:08+00:00,notification-worker,INFO,heartbeat ok
2026-09-19T03:49:08+00:00,payment-api,INFO,heartbeat ok
2026-09-19T03:49:08+00:00,order-service,INFO,heartbeat ok
2026-09-19T03:49:08+00:00,inventory-service,INFO,heartbeat ok
2026-09-19T03:49:08+00:00,auth-service,INFO,heartbeat ok
2026-09-19T03:49:08+00:00,notification-worker,INFO,heartbeat ok
2026-09-19T03:49:38+00:00,payment-api,WARNING,connection retry
2026-09-19T03:49:38+00:00,order-service,WARNING,connection retry
2026-09-19T03:49:38+00:00,inventory-service,WARNING,connection retry
2026-09-19T03:49:38+00:00,auth-service,WARNING,connection retry
2026-09-19T03:49:38+00:00,notification-worker,WARNING,connection retry
2026-09-19T03:51:08+00:00,payment-api,INFO,heartbeat ok
2026-09-19T03:51:08+00:00,order-service,INFO,heartbeat ok
2026-09-19T03:51:08+00:00,inventory-service,INFO,heartbeat ok
2026-09-19T03:51:08+00:00,auth-service,INFO,heartbeat ok
2026-09-19T03:51:08+00:00,notification-worker,INFO,heartbeat ok
2026-09-19T03:53:08+00:00,payment-api,INFO,heartbeat ok
2026-09-19T03:53:08+00:00,order-service,INFO,heartbeat ok
2026-09-19T03:53:08+00:00,inventory-service,INFO,heartbeat ok
2026-09-19T03:53:08+00:00,auth-service,INFO,heartbeat ok
2026-09-19T03:53:08+00:00,notification-worker,INFO,heartbeat ok
2026-09-19T03:55:08+00:00,payment-api,INFO,heartbeat ok
2026-09-19T03:55:08+00:00,order-service,INFO,heartbeat ok
2026-09-19T03:55:08+00:00,inventory-service,INFO,heartbeat ok
2026-09-19T03:55:08+00:00,auth-service,INFO,heartbeat ok
2026-09-19T03:55:08+00:00,notification-worker,INFO,heartbeat ok
2026-09-19T03:57:08+00:00,payment-api,INFO,heartbeat ok
2026-09-19T03:57:08+00:00,order-service,INFO,heartbeat ok
2026-09-19T03:57:08+00:00,inventory-service,INFO,heartbeat ok
2026-09-19T03:57:08+00:00,auth-service,INFO,heartbeat ok
2026-09-19T03:57:08+00:00,notification-worker,INFO,heartbeat ok
2026-09-19T03:59:08+00:00,payment-api,INFO,heartbeat ok
2026-09-19T03:59:08+00:00,order-service,INFO,heartbeat ok
2026-09-19T03:59:08+00:00,inventory-service,INFO,heartbeat ok
2026-09-19T03:59:08+00:00,auth-service,INFO,heartbeat ok
2026-09-19T03:59:08+00:00,notification-worker,INFO,heartbeat ok
2026-09-19T04:00:38+00:00,payment-api,INFO,request processed
2026-09-19T04:00:38+00:00,order-service,INFO,request processed
2026-09-19T04:00:38+00:00,inventory-service,INFO,request processed
2026-09-19T04:00:38+00:00,auth-service,INFO,request processed
2026-09-19T04:00:38+00:00,notification-worker,INFO,request processed
2026-09-19T04:01:08+00:00,payment-api,INFO,heartbeat ok
2026-09-19T04:01:08+00:00,order-service,INFO,heartbeat ok
2026-09-19T04:01:08+00:00,inventory-service,INFO,heartbeat ok
2026-09-19T04:01:08+00:00,auth-service,INFO,heartbeat ok
2026-09-19T04:01:08+00:00,notification-worker,INFO,heartbeat ok
2026-09-19T04:03:08+00:00,payment-api,INFO,heartbeat ok
2026-09-19T04:03:08+00:00,order-service,INFO,heartbeat ok
2026-09-19T04:03:08+00:00,inventory-service,INFO,heartbeat ok
2026-09-19T04:03:08+00:00,auth-service,INFO,heartbeat ok
2026-09-19T04:03:08+00:00,notification-worker,INFO,heartbeat ok
2026-09-19T04:05:08+00:00,payment-api,INFO,heartbeat ok
2026-09-19T04:05:08+00:00,order-service,INFO,heartbeat ok
2026-09-19T04:05:08+00:00,inventory-service,INFO,heartbeat ok
2026-09-19T04:05:08+00:00,auth-service,INFO,heartbeat ok
2026-09-19T04:05:08+00:00,notification-worker,INFO,heartbeat ok
2026-09-19T04:06:08+00:00,payment-api,WARNING,slow query detected
2026-09-19T04:06:08+00:00,order-service,WARNING,slow query detected
2026-09-19T04:06:08+00:00,auth-service,WARNING,slow query detected
2026-09-19T04:06:08+00:00,notification-worker,WARNING,slow query detected
2026-09-19T04:07:08+00:00,payment-api,INFO,heartbeat ok
2026-09-19T04:07:08+00:00,order-service,INFO,heartbeat ok
2026-09-19T04:07:08+00:00,auth-service,INFO,heartbeat ok
2026-09-19T04:07:08+00:00,notification-worker,INFO,heartbeat ok
2026-09-19T04:09:08+00:00,payment-api,INFO,heartbeat ok
2026-09-19T04:09:08+00:00,order-service,INFO,heartbeat ok
2026-09-19T04:09:08+00:00,auth-service,INFO,heartbeat ok
2026-09-19T04:09:08+00:00,notification-worker,INFO,heartbeat ok
2026-09-19T04:11:08+00:00,payment-api,INFO,heartbeat ok
2026-09-19T04:11:08+00:00,order-service,INFO,heartbeat ok
2026-09-19T04:11:08+00:00,auth-service,INFO,heartbeat ok
2026-09-19T04:11:08+00:00,notification-worker,INFO,heartbeat ok
2026-09-19T04:13:08+00:00,payment-api,INFO,heartbeat ok
2026-09-19T04:13:08+00:00,order-service,INFO,heartbeat ok
2026-09-19T04:13:08+00:00,auth-service,INFO,heartbeat ok
2026-09-19T04:13:08+00:00,notification-worker,INFO,heartbeat ok
2026-09-19T04:15:08+00:00,payment-api,INFO,heartbeat ok
2026-09-19T04:15:08+00:00,order-service,INFO,heartbeat ok
2026-09-19T04:15:08+00:00,auth-service,INFO,heartbeat ok
2026-09-19T04:15:08+00:00,notification-worker,INFO,heartbeat ok
2026-09-19T04:16:08+00:00,payment-api,INFO,request processed
2026-09-19T04:16:08+00:00,order-service,INFO,request processed
2026-09-19T04:16:08+00:00,auth-service,INFO,request processed
2026-09-19T04:16:08+00:00,notification-worker,INFO,request processed
2026-09-19T04:17:08+00:00,payment-api,INFO,heartbeat ok
2026-09-19T04:17:08+00:00,order-service,INFO,heartbeat ok
2026-09-19T04:17:08+00:00,auth-service,INFO,heartbeat ok
2026-09-19T04:17:08+00:00,notification-worker,INFO,heartbeat ok
2026-09-19T04:19:08+00:00,payment-api,INFO,heartbeat ok
2026-09-19T04:19:08+00:00,order-service,INFO,heartbeat ok
2026-09-19T04:19:08+00:00,auth-service,INFO,heartbeat ok
2026-09-19T04:19:08+00:00,notification-worker,INFO,heartbeat ok
2026-09-19T04:21:08+00:00,payment-api,INFO,heartbeat ok
2026-09-19T04:21:08+00:00,order-service,INFO,heartbeat ok
2026-09-19T04:21:08+00:00,auth-service,INFO,heartbeat ok
2026-09-19T04:21:08+00:00,notification-worker,INFO,heartbeat ok
2026-09-19T04:23:08+00:00,payment-api,INFO,heartbeat ok
2026-09-19T04:23:08+00:00,order-service,INFO,heartbeat ok
2026-09-19T04:23:08+00:00,auth-service,INFO,heartbeat ok
2026-09-19T04:23:08+00:00,notification-worker,INFO,heartbeat ok
2026-09-19T04:25:08+00:00,payment-api,INFO,heartbeat ok
2026-09-19T04:25:08+00:00,order-service,INFO,heartbeat ok
2026-09-19T04:25:08+00:00,auth-service,INFO,heartbeat ok
2026-09-19T04:25:08+00:00,notification-worker,INFO,heartbeat ok
2026-09-19T04:27:08+00:00,payment-api,INFO,heartbeat ok
2026-09-19T04:27:08+00:00,order-service,INFO,heartbeat ok
2026-09-19T04:27:08+00:00,auth-service,INFO,heartbeat ok
2026-09-19T04:27:08+00:00,notification-worker,INFO,heartbeat ok
2026-09-19T04:29:08+00:00,payment-api,INFO,heartbeat ok
2026-09-19T04:29:08+00:00,order-service,INFO,heartbeat ok
2026-09-19T04:29:08+00:00,auth-service,INFO,heartbeat ok
2026-09-19T04:29:08+00:00,notification-worker,INFO,heartbeat ok
2026-09-19T04:31:08+00:00,payment-api,INFO,heartbeat ok
2026-09-19T04:31:08+00:00,order-service,INFO,heartbeat ok
2026-09-19T04:31:08+00:00,auth-service,INFO,heartbeat ok
2026-09-19T04:31:08+00:00,notification-worker,INFO,heartbeat ok
2026-09-19T04:31:38+00:00,payment-api,INFO,request processed
2026-09-19T04:31:38+00:00,order-service,INFO,request processed
2026-09-19T04:31:38+00:00,auth-service,INFO,request processed
2026-09-19T04:31:38+00:00,notification-worker,INFO,request processed
2026-09-19T04:33:08+00:00,payment-api,INFO,heartbeat ok
2026-09-19T04:33:08+00:00,order-service,INFO,heartbeat ok
2026-09-19T04:33:08+00:00,auth-service,INFO,heartbeat ok
2026-09-19T04:33:08+00:00,notification-worker,INFO,heartbeat ok
2026-09-19T04:35:08+00:00,payment-api,INFO,heartbeat ok
2026-09-19T04:35:08+00:00,order-service,INFO,heartbeat ok
2026-09-19T04:35:08+00:00,auth-service,INFO,heartbeat ok
2026-09-19T04:35:08+00:00,notification-worker,INFO,heartbeat ok
2026-09-19T04:37:08+00:00,payment-api,INFO,heartbeat ok
2026-09-19T04:37:08+00:00,order-service,INFO,heartbeat ok
2026-09-19T04:37:08+00:00,auth-service,INFO,heartbeat ok
2026-09-19T04:37:08+00:00,notification-worker,INFO,heartbeat ok
2026-09-19T04:39:08+00:00,payment-api,INFO,heartbeat ok
2026-09-19T04:39:08+00:00,order-service,INFO,heartbeat ok
2026-09-19T04:39:08+00:00,auth-service,INFO,heartbeat ok
2026-09-19T04:39:08+00:00,notification-worker,INFO,heartbeat ok
2026-09-19T04:41:08+00:00,payment-api,INFO,heartbeat ok
2026-09-19T04:41:08+00:00,order-service,INFO,heartbeat ok
2026-09-19T04:41:08+00:00,auth-service,INFO,heartbeat ok
2026-09-19T04:41:08+00:00,notification-worker,INFO,heartbeat ok
2026-09-19T04:43:08+00:00,payment-api,INFO,heartbeat ok
2026-09-19T04:43:08+00:00,order-service,INFO,heartbeat ok
2026-09-19T04:43:08+00:00,auth-service,INFO,heartbeat ok
2026-09-19T04:43:08+00:00,notification-worker,INFO,heartbeat ok
2026-09-19T04:45:08+00:00,payment-api,INFO,heartbeat ok
2026-09-19T04:45:08+00:00,order-service,INFO,heartbeat ok
2026-09-19T04:45:08+00:00,auth-service,INFO,heartbeat ok
2026-09-19T04:45:08+00:00,notification-worker,INFO,heartbeat ok
2026-09-19T04:47:08+00:00,payment-api,INFO,heartbeat ok
2026-09-19T04:47:08+00:00,order-service,INFO,heartbeat ok
2026-09-19T04:47:08+00:00,auth-service,INFO,heartbeat ok
2026-09-19T04:47:08+00:00,notification-worker,INFO,heartbeat ok
2026-09-19T04:49:08+00:00,payment-api,INFO,heartbeat ok
2026-09-19T04:49:08+00:00,order-service,INFO,heartbeat ok
2026-09-19T04:49:08+00:00,auth-service,INFO,heartbeat ok
2026-09-19T04:49:08+00:00,notification-worker,INFO,heartbeat ok
2026-09-19T04:51:08+00:00,payment-api,INFO,heartbeat ok
2026-09-19T04:51:08+00:00,order-service,INFO,heartbeat ok
2026-09-19T04:51:08+00:00,auth-service,INFO,heartbeat ok
2026-09-19T04:51:08+00:00,notification-worker,INFO,heartbeat ok
2026-09-19T04:53:08+00:00,payment-api,INFO,heartbeat ok
2026-09-19T04:53:08+00:00,order-service,INFO,heartbeat ok
2026-09-19T04:53:08+00:00,auth-service,INFO,heartbeat ok
2026-09-19T04:53:08+00:00,notification-worker,INFO,heartbeat ok
2026-09-19T04:54:38+00:00,payment-api,WARNING,slow query detected
2026-09-19T04:54:38+00:00,order-service,WARNING,slow query detected
2026-09-19T04:54:38+00:00,auth-service,WARNING,slow query detected
2026-09-19T04:54:38+00:00,notification-worker,WARNING,slow query detected
2026-09-19T04:55:08+00:00,payment-api,INFO,heartbeat ok
2026-09-19T04:55:08+00:00,order-service,INFO,heartbeat ok
2026-09-19T04:55:08+00:00,auth-service,INFO,heartbeat ok
2026-09-19T04:55:08+00:00,notification-worker,INFO,heartbeat ok
2026-09-19T04:55:38+00:00,inventory-service,WARNING,disk utilization high
2026-09-19T04:56:08+00:00,inventory-service,WARNING,disk utilization high
2026-09-19T04:56:38+00:00,inventory-service,WARNING,disk utilization high
2026-09-19T04:57:08+00:00,payment-api,INFO,heartbeat ok
2026-09-19T04:57:08+00:00,order-service,INFO,heartbeat ok
2026-09-19T04:57:08+00:00,inventory-service,WARNING,disk utilization high
2026-09-19T04:57:08+00:00,auth-service,INFO,heartbeat ok
2026-09-19T04:57:08+00:00,notification-worker,INFO,heartbeat ok
2026-09-19T04:57:38+00:00,inventory-service,WARNING,disk utilization high
2026-09-19T04:58:08+00:00,inventory-service,WARNING,disk utilization high
2026-09-19T04:58:38+00:00,inventory-service,WARNING,disk utilization high
2026-09-19T04:59:08+00:00,payment-api,INFO,heartbeat ok
2026-09-19T04:59:08+00:00,order-service,INFO,heartbeat ok
2026-09-19T04:59:08+00:00,inventory-service,WARNING,disk utilization high
2026-09-19T04:59:08+00:00,auth-service,INFO,heartbeat ok
2026-09-19T04:59:08+00:00,notification-worker,INFO,heartbeat ok
2026-09-19T04:59:38+00:00,inventory-service,WARNING,disk utilization high
2026-09-19T05:00:08+00:00,inventory-service,WARNING,disk utilization high
2026-09-19T05:00:38+00:00,inventory-service,WARNING,disk utilization high
2026-09-19T05:01:08+00:00,payment-api,INFO,heartbeat ok
2026-09-19T05:01:08+00:00,order-service,INFO,heartbeat ok
2026-09-19T05:01:08+00:00,inventory-service,WARNING,disk utilization high
2026-09-19T05:01:08+00:00,auth-service,INFO,heartbeat ok
2026-09-19T05:01:08+00:00,notification-worker,INFO,heartbeat ok
2026-09-19T05:01:38+00:00,inventory-service,WARNING,disk utilization high
2026-09-19T05:02:08+00:00,inventory-service,WARNING,disk utilization high
2026-09-19T05:02:38+00:00,payment-api,INFO,request processed
2026-09-19T05:02:38+00:00,order-service,INFO,request processed
2026-09-19T05:02:38+00:00,inventory-service,WARNING,disk utilization high
2026-09-19T05:02:38+00:00,auth-service,INFO,request processed
2026-09-19T05:02:38+00:00,notification-worker,INFO,request processed
2026-09-19T05:03:08+00:00,payment-api,INFO,heartbeat ok
2026-09-19T05:03:08+00:00,order-service,INFO,heartbeat ok
2026-09-19T05:03:08+00:00,inventory-service,WARNING,disk utilization high
2026-09-19T05:03:08+00:00,auth-service,INFO,heartbeat ok
2026-09-19T05:03:08+00:00,notification-worker,INFO,heartbeat ok
2026-09-19T05:03:38+00:00,inventory-service,WARNING,disk utilization high
2026-09-19T05:04:08+00:00,inventory-service,WARNING,disk utilization high
2026-09-19T05:04:38+00:00,inventory-service,WARNING,disk utilization high
2026-09-19T05:05:08+00:00,payment-api,INFO,heartbeat ok
2026-09-19T05:05:08+00:00,order-service,INFO,heartbeat ok
2026-09-19T05:05:08+00:00,inventory-service,WARNING,disk utilization high
2026-09-19T05:05:08+00:00,auth-service,INFO,heartbeat ok
2026-09-19T05:05:08+00:00,notification-worker,INFO,heartbeat ok
2026-09-19T05:05:38+00:00,inventory-service,WARNING,disk utilization high
2026-09-19T05:06:08+00:00,inventory-service,WARNING,disk utilization high
2026-09-19T05:06:38+00:00,inventory-service,WARNING,disk utilization high
2026-09-19T05:07:08+00:00,payment-api,INFO,heartbeat ok
2026-09-19T05:07:08+00:00,order-service,INFO,heartbeat ok
2026-09-19T05:07:08+00:00,inventory-service,WARNING,disk utilization high
2026-09-19T05:07:08+00:00,auth-service,INFO,heartbeat ok
2026-09-19T05:07:08+00:00,notification-worker,INFO,heartbeat ok
2026-09-19T05:07:38+00:00,inventory-service,WARNING,disk utilization high
2026-09-19T05:08:08+00:00,inventory-service,WARNING,disk utilization high
2026-09-19T05:08:38+00:00,inventory-service,WARNING,disk utilization high
2026-09-19T05:09:08+00:00,payment-api,INFO,heartbeat ok
2026-09-19T05:09:08+00:00,order-service,INFO,heartbeat ok
2026-09-19T05:09:08+00:00,inventory-service,WARNING,disk utilization high
2026-09-19T05:09:08+00:00,auth-service,INFO,heartbeat ok
2026-09-19T05:09:08+00:00,notification-worker,INFO,heartbeat ok
2026-09-19T05:09:38+00:00,inventory-service,WARNING,disk utilization high
2026-09-19T05:10:08+00:00,inventory-service,WARNING,disk utilization high
2026-09-19T05:10:38+00:00,inventory-service,WARNING,disk utilization high
2026-09-19T05:11:08+00:00,payment-api,INFO,heartbeat ok
2026-09-19T05:11:08+00:00,order-service,INFO,heartbeat ok
2026-09-19T05:11:08+00:00,inventory-service,WARNING,disk utilization high
2026-09-19T05:11:08+00:00,auth-service,INFO,heartbeat ok
2026-09-19T05:11:08+00:00,notification-worker,INFO,heartbeat ok
2026-09-19T05:11:38+00:00,inventory-service,WARNING,disk utilization high
2026-09-19T05:12:08+00:00,inventory-service,WARNING,disk utilization high
2026-09-19T05:12:38+00:00,inventory-service,WARNING,disk utilization high
2026-09-19T05:13:08+00:00,payment-api,INFO,heartbeat ok
2026-09-19T05:13:08+00:00,order-service,INFO,heartbeat ok
2026-09-19T05:13:08+00:00,inventory-service,WARNING,disk utilization high
2026-09-19T05:13:08+00:00,auth-service,INFO,heartbeat ok
2026-09-19T05:13:08+00:00,notification-worker,INFO,heartbeat ok
2026-09-19T05:13:38+00:00,inventory-service,WARNING,disk utilization high
2026-09-19T05:14:08+00:00,inventory-service,WARNING,disk utilization high
2026-09-19T05:14:38+00:00,inventory-service,WARNING,disk utilization high
2026-09-19T05:15:08+00:00,payment-api,INFO,heartbeat ok
2026-09-19T05:15:08+00:00,order-service,INFO,heartbeat ok
2026-09-19T05:15:08+00:00,inventory-service,WARNING,disk utilization high
2026-09-19T05:15:08+00:00,auth-service,INFO,heartbeat ok
2026-09-19T05:15:08+00:00,notification-worker,INFO,heartbeat ok
2026-09-19T05:15:38+00:00,inventory-service,WARNING,disk utilization high
2026-09-19T05:16:08+00:00,inventory-service,WARNING,disk utilization high
2026-09-19T05:16:38+00:00,inventory-service,WARNING,disk utilization high
2026-09-19T05:17:08+00:00,payment-api,INFO,heartbeat ok
2026-09-19T05:17:08+00:00,order-service,INFO,heartbeat ok
2026-09-19T05:17:08+00:00,inventory-service,WARNING,disk utilization high
2026-09-19T05:17:08+00:00,auth-service,INFO,heartbeat ok
2026-09-19T05:17:08+00:00,notification-worker,INFO,heartbeat ok
2026-09-19T05:17:38+00:00,inventory-service,WARNING,disk utilization high
2026-09-19T05:18:08+00:00,payment-api,INFO,request processed
2026-09-19T05:18:08+00:00,order-service,INFO,request processed
2026-09-19T05:18:08+00:00,inventory-service,WARNING,disk utilization high
2026-09-19T05:18:08+00:00,auth-service,INFO,request processed
2026-09-19T05:18:08+00:00,notification-worker,INFO,request processed
2026-09-19T05:18:38+00:00,inventory-service,WARNING,disk utilization high
2026-09-19T05:19:08+00:00,payment-api,INFO,heartbeat ok
2026-09-19T05:19:08+00:00,order-service,INFO,heartbeat ok
2026-09-19T05:19:08+00:00,inventory-service,WARNING,disk utilization high
2026-09-19T05:19:08+00:00,auth-service,INFO,heartbeat ok
2026-09-19T05:19:08+00:00,notification-worker,INFO,heartbeat ok
2026-09-19T05:19:38+00:00,inventory-service,WARNING,disk utilization high
2026-09-19T05:20:08+00:00,inventory-service,WARNING,disk utilization high
2026-09-19T05:20:38+00:00,inventory-service,WARNING,disk utilization high
2026-09-19T05:21:08+00:00,payment-api,INFO,heartbeat ok
2026-09-19T05:21:08+00:00,order-service,INFO,heartbeat ok
2026-09-19T05:21:08+00:00,inventory-service,WARNING,disk utilization high
2026-09-19T05:21:08+00:00,auth-service,INFO,heartbeat ok
2026-09-19T05:21:08+00:00,notification-worker,INFO,heartbeat ok
2026-09-19T05:21:38+00:00,inventory-service,WARNING,disk utilization high
2026-09-19T05:22:08+00:00,inventory-service,WARNING,disk utilization high
2026-09-19T05:22:38+00:00,inventory-service,WARNING,disk utilization high
2026-09-19T05:23:08+00:00,payment-api,INFO,heartbeat ok
2026-09-19T05:23:08+00:00,order-service,INFO,heartbeat ok
2026-09-19T05:23:08+00:00,inventory-service,WARNING,disk utilization high
2026-09-19T05:23:08+00:00,auth-service,INFO,heartbeat ok
2026-09-19T05:23:08+00:00,notification-worker,INFO,heartbeat ok
2026-09-19T05:23:38+00:00,inventory-service,WARNING,disk utilization high
2026-09-19T05:24:08+00:00,inventory-service,WARNING,disk utilization high
2026-09-19T05:24:38+00:00,inventory-service,WARNING,disk utilization high
2026-09-19T05:25:08+00:00,payment-api,INFO,heartbeat ok
2026-09-19T05:25:08+00:00,order-service,INFO,heartbeat ok
2026-09-19T05:25:08+00:00,inventory-service,WARNING,disk utilization high
2026-09-19T05:25:08+00:00,auth-service,INFO,heartbeat ok
2026-09-19T05:25:08+00:00,notification-worker,INFO,heartbeat ok
2026-09-19T05:25:38+00:00,inventory-service,WARNING,disk utilization high
2026-09-19T05:26:08+00:00,inventory-service,WARNING,disk utilization high
2026-09-19T05:26:38+00:00,inventory-service,WARNING,disk utilization high
2026-09-19T05:27:08+00:00,payment-api,INFO,heartbeat ok
2026-09-19T05:27:08+00:00,order-service,INFO,heartbeat ok
2026-09-19T05:27:08+00:00,inventory-service,WARNING,disk utilization high
2026-09-19T05:27:08+00:00,auth-service,INFO,heartbeat ok
2026-09-19T05:27:08+00:00,notification-worker,INFO,heartbeat ok
2026-09-19T05:27:38+00:00,inventory-service,WARNING,disk utilization high
2026-09-19T05:28:08+00:00,inventory-service,WARNING,disk utilization high
2026-09-19T05:28:38+00:00,inventory-service,WARNING,disk utilization high
2026-09-19T05:29:08+00:00,payment-api,INFO,heartbeat ok
2026-09-19T05:29:08+00:00,order-service,INFO,heartbeat ok
2026-09-19T05:29:08+00:00,inventory-service,WARNING,disk utilization high
2026-09-19T05:29:08+00:00,auth-service,INFO,heartbeat ok
2026-09-19T05:29:08+00:00,notification-worker,INFO,heartbeat ok
2026-09-19T05:29:38+00:00,inventory-service,WARNING,disk utilization high
2026-09-19T05:30:08+00:00,inventory-service,WARNING,disk utilization high
2026-09-19T05:30:38+00:00,inventory-service,WARNING,disk utilization high
2026-09-19T05:31:08+00:00,payment-api,INFO,heartbeat ok
2026-09-19T05:31:08+00:00,order-service,INFO,heartbeat ok
2026-09-19T05:31:08+00:00,inventory-service,WARNING,disk utilization high
2026-09-19T05:31:08+00:00,auth-service,INFO,heartbeat ok
2026-09-19T05:31:08+00:00,notification-worker,INFO,heartbeat ok
2026-09-19T05:31:38+00:00,inventory-service,WARNING,disk utilization high
2026-09-19T05:32:08+00:00,inventory-service,WARNING,disk utilization high
2026-09-19T05:32:38+00:00,inventory-service,WARNING,disk utilization high
2026-09-19T05:33:08+00:00,payment-api,INFO,heartbeat ok
2026-09-19T05:33:08+00:00,order-service,INFO,heartbeat ok
2026-09-19T05:33:08+00:00,inventory-service,WARNING,disk utilization high
2026-09-19T05:33:08+00:00,auth-service,INFO,heartbeat ok
2026-09-19T05:33:08+00:00,notification-worker,INFO,heartbeat ok
2026-09-19T05:33:38+00:00,payment-api,INFO,request processed
2026-09-19T05:33:38+00:00,order-service,INFO,request processed
2026-09-19T05:33:38+00:00,inventory-service,WARNING,disk utilization high
2026-09-19T05:33:38+00:00,auth-service,INFO,request processed
2026-09-19T05:33:38+00:00,notification-worker,INFO,request processed
2026-09-19T05:34:08+00:00,inventory-service,WARNING,disk utilization high
2026-09-19T05:34:38+00:00,inventory-service,WARNING,disk utilization high
2026-09-19T05:35:08+00:00,payment-api,INFO,heartbeat ok
2026-09-19T05:35:08+00:00,order-service,INFO,heartbeat ok
2026-09-19T05:35:08+00:00,inventory-service,WARNING,disk utilization high
2026-09-19T05:35:08+00:00,auth-service,INFO,heartbeat ok
2026-09-19T05:35:08+00:00,notification-worker,INFO,heartbeat ok
2026-09-19T05:35:38+00:00,inventory-service,WARNING,disk utilization high
2026-09-19T05:36:08+00:00,inventory-service,WARNING,disk utilization high
2026-09-19T05:36:38+00:00,inventory-service,WARNING,disk utilization high
2026-09-19T05:37:08+00:00,payment-api,INFO,heartbeat ok
2026-09-19T05:37:08+00:00,order-service,INFO,heartbeat ok
2026-09-19T05:37:08+00:00,inventory-service,WARNING,disk utilization high
2026-09-19T05:37:08+00:00,auth-service,INFO,heartbeat ok
2026-09-19T05:37:08+00:00,notification-worker,INFO,heartbeat ok
2026-09-19T05:37:38+00:00,inventory-service,WARNING,disk utilization high
2026-09-19T05:38:08+00:00,inventory-service,WARNING,disk utilization high
2026-09-19T05:38:38+00:00,inventory-service,WARNING,disk utilization high
2026-09-19T05:39:08+00:00,payment-api,INFO,heartbeat ok
2026-09-19T05:39:08+00:00,order-service,INFO,heartbeat ok
2026-09-19T05:39:08+00:00,inventory-service,WARNING,disk utilization high
2026-09-19T05:39:08+00:00,auth-service,INFO,heartbeat ok
2026-09-19T05:39:08+00:00,notification-worker,INFO,heartbeat ok
2026-09-19T05:39:38+00:00,inventory-service,WARNING,disk utilization high
2026-09-19T05:40:08+00:00,inventory-service,WARNING,disk utilization high
2026-09-19T05:40:38+00:00,inventory-service,WARNING,disk utilization high
2026-09-19T05:41:08+00:00,payment-api,INFO,heartbeat ok
2026-09-19T05:41:08+00:00,order-service,INFO,heartbeat ok
2026-09-19T05:41:08+00:00,inventory-service,WARNING,disk utilization high
2026-09-19T05:41:08+00:00,auth-service,INFO,heartbeat ok
2026-09-19T05:41:08+00:00,notification-worker,INFO,heartbeat ok
2026-09-19T05:41:38+00:00,inventory-service,WARNING,disk utilization high
2026-09-19T05:42:08+00:00,inventory-service,WARNING,disk utilization high
2026-09-19T05:42:38+00:00,inventory-service,WARNING,disk utilization high
2026-09-19T05:43:08+00:00,payment-api,INFO,heartbeat ok
2026-09-19T05:43:08+00:00,order-service,INFO,heartbeat ok
2026-09-19T05:43:08+00:00,inventory-service,WARNING,disk utilization high
2026-09-19T05:43:08+00:00,auth-service,INFO,heartbeat ok
2026-09-19T05:43:08+00:00,notification-worker,INFO,heartbeat ok
2026-09-19T05:43:38+00:00,inventory-service,WARNING,disk utilization high
2026-09-19T05:44:08+00:00,inventory-service,WARNING,disk utilization high
2026-09-19T05:44:38+00:00,inventory-service,WARNING,disk utilization high
2026-09-19T05:45:08+00:00,payment-api,INFO,heartbeat ok
2026-09-19T05:45:08+00:00,order-service,INFO,heartbeat ok
2026-09-19T05:45:08+00:00,inventory-service,WARNING,disk utilization high
2026-09-19T05:45:08+00:00,auth-service,INFO,heartbeat ok
2026-09-19T05:45:08+00:00,notification-worker,INFO,heartbeat ok
2026-09-19T05:45:38+00:00,inventory-service,WARNING,disk utilization high
2026-09-19T05:46:08+00:00,inventory-service,WARNING,disk utilization high
2026-09-19T05:46:38+00:00,inventory-service,WARNING,disk utilization high
2026-09-19T05:47:08+00:00,payment-api,INFO,heartbeat ok
2026-09-19T05:47:08+00:00,order-service,INFO,heartbeat ok
2026-09-19T05:47:08+00:00,inventory-service,WARNING,disk utilization high
2026-09-19T05:47:08+00:00,auth-service,INFO,heartbeat ok
2026-09-19T05:47:08+00:00,notification-worker,INFO,heartbeat ok
2026-09-19T05:47:38+00:00,inventory-service,WARNING,disk utilization high
2026-09-19T05:48:08+00:00,inventory-service,WARNING,disk utilization high
2026-09-19T05:48:38+00:00,inventory-service,WARNING,disk utilization high
2026-09-19T05:49:08+00:00,payment-api,INFO,heartbeat ok
2026-09-19T05:49:08+00:00,order-service,INFO,heartbeat ok
2026-09-19T05:49:08+00:00,inventory-service,WARNING,disk utilization high
2026-09-19T05:49:08+00:00,auth-service,INFO,heartbeat ok
2026-09-19T05:49:08+00:00,notification-worker,INFO,heartbeat ok
2026-09-19T05:49:38+00:00,inventory-service,WARNING,disk utilization high
2026-09-19T05:50:08+00:00,inventory-service,WARNING,disk utilization high
2026-09-19T05:50:38+00:00,inventory-service,WARNING,disk utilization high
2026-09-19T05:51:08+00:00,payment-api,INFO,heartbeat ok
2026-09-19T05:51:08+00:00,order-service,INFO,heartbeat ok
2026-09-19T05:51:08+00:00,inventory-service,WARNING,disk utilization high
2026-09-19T05:51:08+00:00,auth-service,INFO,heartbeat ok
2026-09-19T05:51:08+00:00,notification-worker,INFO,heartbeat ok
2026-09-19T05:51:38+00:00,inventory-service,WARNING,disk utilization high
2026-09-19T05:52:08+00:00,inventory-service,WARNING,disk utilization high
2026-09-19T05:52:38+00:00,inventory-service,WARNING,disk utilization high
2026-09-19T05:53:08+00:00,payment-api,INFO,heartbeat ok
2026-09-19T05:53:08+00:00,order-service,INFO,heartbeat ok
2026-09-19T05:53:08+00:00,inventory-service,WARNING,disk utilization high
2026-09-19T05:53:08+00:00,auth-service,INFO,heartbeat ok
2026-09-19T05:53:08+00:00,notification-worker,INFO,heartbeat ok
2026-09-19T05:53:38+00:00,inventory-service,WARNING,disk utilization high
2026-09-19T05:54:08+00:00,inventory-service,WARNING,disk utilization high
2026-09-19T05:54:38+00:00,inventory-service,WARNING,disk utilization high
2026-09-19T05:55:08+00:00,payment-api,INFO,heartbeat ok
2026-09-19T05:55:08+00:00,order-service,INFO,heartbeat ok
2026-09-19T05:55:08+00:00,inventory-service,WARNING,disk utilization high
2026-09-19T05:55:08+00:00,auth-service,INFO,heartbeat ok
2026-09-19T05:55:08+00:00,notification-worker,INFO,heartbeat ok
2026-09-19T05:55:38+00:00,inventory-service,WARNING,disk utilization high
2026-09-19T05:56:08+00:00,inventory-service,WARNING,disk utilization high
2026-09-19T05:56:38+00:00,payment-api,ERROR,temporary upstream timeout
2026-09-19T05:56:38+00:00,order-service,ERROR,temporary upstream timeout
2026-09-19T05:56:38+00:00,inventory-service,WARNING,disk utilization high
2026-09-19T05:56:38+00:00,auth-service,ERROR,temporary upstream timeout
2026-09-19T05:56:38+00:00,notification-worker,ERROR,temporary upstream timeout
2026-09-19T05:57:08+00:00,payment-api,INFO,heartbeat ok
2026-09-19T05:57:08+00:00,order-service,INFO,heartbeat ok
2026-09-19T05:57:08+00:00,inventory-service,WARNING,disk utilization high
2026-09-19T05:57:08+00:00,auth-service,INFO,heartbeat ok
2026-09-19T05:57:08+00:00,notification-worker,INFO,heartbeat ok
2026-09-19T05:57:38+00:00,inventory-service,WARNING,disk utilization high
2026-09-19T05:58:08+00:00,inventory-service,WARNING,disk utilization high
2026-09-19T05:58:38+00:00,inventory-service,WARNING,disk utilization high
2026-09-19T05:59:08+00:00,payment-api,INFO,heartbeat ok
2026-09-19T05:59:08+00:00,order-service,INFO,heartbeat ok
2026-09-19T05:59:08+00:00,inventory-service,WARNING,disk utilization high
2026-09-19T05:59:08+00:00,auth-service,INFO,heartbeat ok
2026-09-19T05:59:08+00:00,notification-worker,INFO,heartbeat ok
2026-09-19T05:59:38+00:00,inventory-service,WARNING,disk utilization high
2026-09-19T06:00:08+00:00,inventory-service,WARNING,disk utilization high
2026-09-19T06:00:38+00:00,payment-api,WARNING,connection retry
2026-09-19T06:00:38+00:00,order-service,WARNING,connection retry
2026-09-19T06:00:38+00:00,inventory-service,WARNING,disk utilization high
2026-09-19T06:00:38+00:00,auth-service,WARNING,connection retry
2026-09-19T06:00:38+00:00,notification-worker,WARNING,connection retry
2026-09-19T06:01:08+00:00,payment-api,INFO,heartbeat ok
2026-09-19T06:01:08+00:00,order-service,INFO,heartbeat ok
2026-09-19T06:01:08+00:00,inventory-service,WARNING,disk utilization high
2026-09-19T06:01:08+00:00,auth-service,INFO,heartbeat ok
2026-09-19T06:01:08+00:00,notification-worker,INFO,heartbeat ok
2026-09-19T06:01:38+00:00,inventory-service,WARNING,disk utilization high
2026-09-19T06:02:08+00:00,inventory-service,WARNING,disk utilization high
2026-09-19T06:02:38+00:00,inventory-service,WARNING,disk utilization high
2026-09-19T06:03:08+00:00,payment-api,INFO,heartbeat ok
2026-09-19T06:03:08+00:00,order-service,INFO,heartbeat ok
2026-09-19T06:03:08+00:00,inventory-service,WARNING,disk utilization high
2026-09-19T06:03:08+00:00,auth-service,INFO,heartbeat ok
2026-09-19T06:03:08+00:00,notification-worker,INFO,heartbeat ok
2026-09-19T06:03:38+00:00,inventory-service,WARNING,disk utilization high
2026-09-19T06:04:08+00:00,inventory-service,WARNING,disk utilization high
2026-09-19T06:04:38+00:00,payment-api,INFO,request processed
2026-09-19T06:04:38+00:00,order-service,INFO,request processed
2026-09-19T06:04:38+00:00,inventory-service,WARNING,disk utilization high
2026-09-19T06:04:38+00:00,auth-service,INFO,request processed
2026-09-19T06:04:38+00:00,notification-worker,INFO,request processed
2026-09-19T06:05:08+00:00,payment-api,INFO,heartbeat ok
2026-09-19T06:05:08+00:00,order-service,INFO,heartbeat ok
2026-09-19T06:05:08+00:00,inventory-service,WARNING,disk utilization high
2026-09-19T06:05:08+00:00,auth-service,INFO,heartbeat ok
2026-09-19T06:05:08+00:00,notification-worker,INFO,heartbeat ok
2026-09-19T06:07:08+00:00,payment-api,INFO,heartbeat ok
2026-09-19T06:07:08+00:00,order-service,INFO,heartbeat ok
2026-09-19T06:07:08+00:00,inventory-service,INFO,heartbeat ok
2026-09-19T06:07:08+00:00,auth-service,INFO,heartbeat ok
2026-09-19T06:07:08+00:00,notification-worker,INFO,heartbeat ok
2026-09-19T06:09:08+00:00,payment-api,INFO,heartbeat ok
2026-09-19T06:09:08+00:00,order-service,INFO,heartbeat ok
2026-09-19T06:09:08+00:00,inventory-service,INFO,heartbeat ok
2026-09-19T06:09:08+00:00,auth-service,INFO,heartbeat ok
2026-09-19T06:09:08+00:00,notification-worker,INFO,heartbeat ok
2026-09-19T06:11:08+00:00,payment-api,INFO,heartbeat ok
2026-09-19T06:11:08+00:00,order-service,INFO,heartbeat ok
2026-09-19T06:11:08+00:00,inventory-service,INFO,heartbeat ok
2026-09-19T06:11:08+00:00,auth-service,INFO,heartbeat ok
2026-09-19T06:11:08+00:00,notification-worker,INFO,heartbeat ok
2026-09-19T06:13:08+00:00,payment-api,INFO,heartbeat ok
2026-09-19T06:13:08+00:00,order-service,INFO,heartbeat ok
2026-09-19T06:13:08+00:00,inventory-service,INFO,heartbeat ok
2026-09-19T06:13:08+00:00,auth-service,INFO,heartbeat ok
2026-09-19T06:13:08+00:00,notification-worker,INFO,heartbeat ok
2026-09-19T06:15:08+00:00,payment-api,INFO,heartbeat ok
2026-09-19T06:15:08+00:00,order-service,INFO,heartbeat ok
2026-09-19T06:15:08+00:00,inventory-service,INFO,heartbeat ok
2026-09-19T06:15:08+00:00,auth-service,INFO,heartbeat ok
2026-09-19T06:15:08+00:00,notification-worker,INFO,heartbeat ok
2026-09-19T06:17:08+00:00,payment-api,INFO,heartbeat ok
2026-09-19T06:17:08+00:00,order-service,INFO,heartbeat ok
2026-09-19T06:17:08+00:00,inventory-service,INFO,heartbeat ok
2026-09-19T06:17:08+00:00,auth-service,INFO,heartbeat ok
2026-09-19T06:17:08+00:00,notification-worker,INFO,heartbeat ok
2026-09-19T06:19:08+00:00,payment-api,INFO,heartbeat ok
2026-09-19T06:19:08+00:00,order-service,INFO,heartbeat ok
2026-09-19T06:19:08+00:00,inventory-service,INFO,heartbeat ok
2026-09-19T06:19:08+00:00,auth-service,INFO,heartbeat ok
2026-09-19T06:19:08+00:00,notification-worker,INFO,heartbeat ok
2026-09-19T06:20:08+00:00,payment-api,INFO,request processed
2026-09-19T06:20:08+00:00,order-service,INFO,request processed
2026-09-19T06:20:08+00:00,inventory-service,INFO,request processed
2026-09-19T06:20:08+00:00,auth-service,INFO,request processed
2026-09-19T06:20:08+00:00,notification-worker,INFO,request processed
2026-09-19T06:21:08+00:00,payment-api,INFO,heartbeat ok
2026-09-19T06:21:08+00:00,order-service,INFO,heartbeat ok
2026-09-19T06:21:08+00:00,inventory-service,INFO,heartbeat ok
2026-09-19T06:21:08+00:00,auth-service,INFO,heartbeat ok
2026-09-19T06:21:08+00:00,notification-worker,INFO,heartbeat ok
2026-09-19T06:23:08+00:00,payment-api,INFO,heartbeat ok
2026-09-19T06:23:08+00:00,order-service,INFO,heartbeat ok
2026-09-19T06:23:08+00:00,inventory-service,INFO,heartbeat ok
2026-09-19T06:23:08+00:00,auth-service,INFO,heartbeat ok
2026-09-19T06:23:08+00:00,notification-worker,INFO,heartbeat ok
2026-09-19T06:25:08+00:00,payment-api,INFO,heartbeat ok
2026-09-19T06:25:08+00:00,order-service,INFO,heartbeat ok
2026-09-19T06:25:08+00:00,inventory-service,INFO,heartbeat ok
2026-09-19T06:25:08+00:00,auth-service,INFO,heartbeat ok
2026-09-19T06:25:08+00:00,notification-worker,INFO,heartbeat ok
2026-09-19T06:27:08+00:00,payment-api,INFO,heartbeat ok
2026-09-19T06:27:08+00:00,order-service,INFO,heartbeat ok
2026-09-19T06:27:08+00:00,inventory-service,INFO,heartbeat ok
2026-09-19T06:27:08+00:00,auth-service,INFO,heartbeat ok
2026-09-19T06:27:08+00:00,notification-worker,INFO,heartbeat ok
2026-09-19T06:29:08+00:00,payment-api,INFO,heartbeat ok
2026-09-19T06:29:08+00:00,order-service,INFO,heartbeat ok
2026-09-19T06:29:08+00:00,inventory-service,INFO,heartbeat ok
2026-09-19T06:29:08+00:00,auth-service,INFO,heartbeat ok
2026-09-19T06:29:08+00:00,notification-worker,INFO,heartbeat ok
2026-09-19T06:31:08+00:00,payment-api,INFO,heartbeat ok
2026-09-19T06:31:08+00:00,order-service,INFO,heartbeat ok
2026-09-19T06:31:08+00:00,inventory-service,INFO,heartbeat ok
2026-09-19T06:31:08+00:00,auth-service,INFO,heartbeat ok
2026-09-19T06:31:08+00:00,notification-worker,INFO,heartbeat ok
2026-09-19T06:31:38+00:00,payment-api,WARNING,slow query detected
2026-09-19T06:31:38+00:00,order-service,WARNING,slow query detected
2026-09-19T06:31:38+00:00,inventory-service,WARNING,slow query detected
2026-09-19T06:31:38+00:00,auth-service,WARNING,slow query detected
2026-09-19T06:31:38+00:00,notification-worker,WARNING,slow query detected
2026-09-19T06:33:08+00:00,payment-api,INFO,heartbeat ok
2026-09-19T06:33:08+00:00,order-service,INFO,heartbeat ok
2026-09-19T06:33:08+00:00,inventory-service,INFO,heartbeat ok
2026-09-19T06:33:08+00:00,auth-service,INFO,heartbeat ok
2026-09-19T06:33:08+00:00,notification-worker,INFO,heartbeat ok
2026-09-19T06:35:08+00:00,payment-api,INFO,heartbeat ok
2026-09-19T06:35:08+00:00,order-service,INFO,heartbeat ok
2026-09-19T06:35:08+00:00,inventory-service,INFO,heartbeat ok
2026-09-19T06:35:08+00:00,auth-service,INFO,heartbeat ok
2026-09-19T06:35:08+00:00,notification-worker,INFO,heartbeat ok
2026-09-19T06:35:38+00:00,payment-api,INFO,request processed
2026-09-19T06:35:38+00:00,order-service,INFO,request processed
2026-09-19T06:35:38+00:00,inventory-service,INFO,request processed
2026-09-19T06:35:38+00:00,auth-service,INFO,request processed
2026-09-19T06:35:38+00:00,notification-worker,INFO,request processed
2026-09-19T06:37:08+00:00,payment-api,INFO,heartbeat ok
2026-09-19T06:37:08+00:00,order-service,INFO,heartbeat ok
2026-09-19T06:37:08+00:00,inventory-service,INFO,heartbeat ok
2026-09-19T06:37:08+00:00,auth-service,INFO,heartbeat ok
2026-09-19T06:37:08+00:00,notification-worker,INFO,heartbeat ok
2026-09-19T06:39:08+00:00,payment-api,INFO,heartbeat ok
2026-09-19T06:39:08+00:00,order-service,INFO,heartbeat ok
2026-09-19T06:39:08+00:00,inventory-service,INFO,heartbeat ok
2026-09-19T06:39:08+00:00,auth-service,INFO,heartbeat ok
2026-09-19T06:39:08+00:00,notification-worker,INFO,heartbeat ok
2026-09-19T06:41:08+00:00,payment-api,INFO,heartbeat ok
2026-09-19T06:41:08+00:00,order-service,INFO,heartbeat ok
2026-09-19T06:41:08+00:00,inventory-service,INFO,heartbeat ok
2026-09-19T06:41:08+00:00,auth-service,INFO,heartbeat ok
2026-09-19T06:41:08+00:00,notification-worker,INFO,heartbeat ok
2026-09-19T06:43:08+00:00,payment-api,INFO,heartbeat ok
2026-09-19T06:43:08+00:00,order-service,INFO,heartbeat ok
2026-09-19T06:43:08+00:00,inventory-service,INFO,heartbeat ok
2026-09-19T06:43:08+00:00,auth-service,INFO,heartbeat ok
2026-09-19T06:43:08+00:00,notification-worker,INFO,heartbeat ok
2026-09-19T06:45:08+00:00,payment-api,INFO,heartbeat ok
2026-09-19T06:45:08+00:00,order-service,INFO,heartbeat ok
2026-09-19T06:45:08+00:00,inventory-service,INFO,heartbeat ok
2026-09-19T06:45:08+00:00,auth-service,INFO,heartbeat ok
2026-09-19T06:45:08+00:00,notification-worker,INFO,heartbeat ok
2026-09-19T06:47:08+00:00,payment-api,INFO,heartbeat ok
2026-09-19T06:47:08+00:00,order-service,INFO,heartbeat ok
2026-09-19T06:47:08+00:00,inventory-service,INFO,heartbeat ok
2026-09-19T06:47:08+00:00,auth-service,INFO,heartbeat ok
2026-09-19T06:47:08+00:00,notification-worker,INFO,heartbeat ok
2026-09-19T06:49:08+00:00,payment-api,INFO,heartbeat ok
2026-09-19T06:49:08+00:00,order-service,INFO,heartbeat ok
2026-09-19T06:49:08+00:00,inventory-service,INFO,heartbeat ok
2026-09-19T06:49:08+00:00,auth-service,INFO,heartbeat ok
2026-09-19T06:49:08+00:00,notification-worker,INFO,heartbeat ok
2026-09-19T06:51:08+00:00,payment-api,INFO,heartbeat ok
2026-09-19T06:51:08+00:00,order-service,INFO,heartbeat ok
2026-09-19T06:51:08+00:00,inventory-service,INFO,heartbeat ok
2026-09-19T06:51:08+00:00,auth-service,INFO,heartbeat ok
2026-09-19T06:51:08+00:00,notification-worker,INFO,heartbeat ok
2026-09-19T06:53:08+00:00,payment-api,INFO,heartbeat ok
2026-09-19T06:53:08+00:00,order-service,INFO,heartbeat ok
2026-09-19T06:53:08+00:00,inventory-service,INFO,heartbeat ok
2026-09-19T06:53:08+00:00,auth-service,INFO,heartbeat ok
2026-09-19T06:53:08+00:00,notification-worker,INFO,heartbeat ok
2026-09-19T06:55:08+00:00,payment-api,INFO,heartbeat ok
2026-09-19T06:55:08+00:00,order-service,INFO,heartbeat ok
2026-09-19T06:55:08+00:00,inventory-service,INFO,heartbeat ok
2026-09-19T06:55:08+00:00,auth-service,INFO,heartbeat ok
2026-09-19T06:55:08+00:00,notification-worker,INFO,heartbeat ok
2026-09-19T06:57:08+00:00,payment-api,INFO,heartbeat ok
2026-09-19T06:57:08+00:00,order-service,INFO,heartbeat ok
2026-09-19T06:57:08+00:00,inventory-service,INFO,heartbeat ok
2026-09-19T06:57:08+00:00,auth-service,INFO,heartbeat ok
2026-09-19T06:57:08+00:00,notification-worker,INFO,heartbeat ok
2026-09-19T06:59:08+00:00,payment-api,INFO,heartbeat ok
2026-09-19T06:59:08+00:00,order-service,INFO,heartbeat ok
2026-09-19T06:59:08+00:00,inventory-service,INFO,heartbeat ok
2026-09-19T06:59:08+00:00,auth-service,INFO,heartbeat ok
2026-09-19T06:59:08+00:00,notification-worker,INFO,heartbeat ok
2026-09-19T07:01:08+00:00,payment-api,INFO,heartbeat ok
2026-09-19T07:01:08+00:00,order-service,INFO,heartbeat ok
2026-09-19T07:01:08+00:00,inventory-service,INFO,heartbeat ok
2026-09-19T07:01:08+00:00,auth-service,INFO,heartbeat ok
2026-09-19T07:01:08+00:00,notification-worker,INFO,heartbeat ok
2026-09-19T07:03:08+00:00,payment-api,INFO,heartbeat ok
2026-09-19T07:03:08+00:00,order-service,INFO,heartbeat ok
2026-09-19T07:03:08+00:00,inventory-service,INFO,heartbeat ok
2026-09-19T07:03:08+00:00,auth-service,INFO,heartbeat ok
2026-09-19T07:03:08+00:00,notification-worker,INFO,heartbeat ok
2026-09-19T07:05:08+00:00,payment-api,INFO,heartbeat ok
2026-09-19T07:05:08+00:00,order-service,INFO,heartbeat ok
2026-09-19T07:05:08+00:00,inventory-service,INFO,heartbeat ok
2026-09-19T07:05:08+00:00,auth-service,INFO,heartbeat ok
2026-09-19T07:05:08+00:00,notification-worker,INFO,heartbeat ok
